-- phpMyAdmin SQL Dump
-- version 4.2.11
-- http://www.phpmyadmin.net
--
-- Host: 127.0.0.1
-- Generation Time: May 27, 2015 at 07:14 PM
-- Server version: 5.6.21
-- PHP Version: 5.6.3

SET SQL_MODE = "NO_AUTO_VALUE_ON_ZERO";
SET time_zone = "+00:00";


/*!40101 SET @OLD_CHARACTER_SET_CLIENT=@@CHARACTER_SET_CLIENT */;
/*!40101 SET @OLD_CHARACTER_SET_RESULTS=@@CHARACTER_SET_RESULTS */;
/*!40101 SET @OLD_COLLATION_CONNECTION=@@COLLATION_CONNECTION */;
/*!40101 SET NAMES utf8 */;

--
-- Database: `promos`
--

-- --------------------------------------------------------

--
-- Table structure for table `division`
--

CREATE TABLE IF NOT EXISTS `division` (
  `divid` int(11) NOT NULL,
  `divname` varchar(255) DEFAULT NULL,
  `divnameeng` varchar(255) DEFAULT NULL
) ENGINE=MyISAM DEFAULT CHARSET=utf8;

--
-- Dumping data for table `division`
--

INSERT INTO `division` (`divid`, `divname`, `divnameeng`) VALUES
(10, 'বরিশাল', 'Barishal'),
(20, 'চট্টগ্রাম', 'Chittagong'),
(30, 'ঢাকা', 'Dhaka'),
(40, 'খুলনা', 'Khulna'),
(50, 'রাজশাহী', 'Rajshahi'),
(60, 'সিলেট', 'Sylhet'),
(55, 'রংপুর', 'Rangpur');

-- --------------------------------------------------------

--
-- Table structure for table `domains`
--

CREATE TABLE IF NOT EXISTS `domains` (
`id` int(11) NOT NULL,
  `title` varchar(250) NOT NULL,
  `active` tinyint(4) NOT NULL DEFAULT '1',
  `description` varchar(250) DEFAULT NULL,
  `created` date DEFAULT NULL,
  `lastmodified` date DEFAULT NULL
) ENGINE=InnoDB AUTO_INCREMENT=10 DEFAULT CHARSET=utf8;

--
-- Dumping data for table `domains`
--

INSERT INTO `domains` (`id`, `title`, `active`, `description`, `created`, `lastmodified`) VALUES
(1, 'শিক্ষা', 1, 'শিক্ষা', '2014-07-28', '2014-07-28'),
(2, 'স্বাস্থ্য', 1, 'স্বাস্থ্য', '2014-07-28', '2014-07-28'),
(3, 'কৃষি', 1, 'কৃষি', '2014-08-06', '2014-08-06'),
(4, 'খাদ্য', 1, 'খাদ্য', '2014-08-06', '2014-08-06'),
(5, 'ত্রান ও পূনর্বাসন', 1, 'ত্রান ও পূনর্বাসন', '2014-08-06', '2014-08-06'),
(6, 'যোগাযোগ', 1, 'যোগাযোগ', '2014-08-06', '2014-08-06'),
(7, 'বিদ্যুৎ', 1, 'বিদ্যুৎ', '2014-08-06', '2014-08-06'),
(8, 'তথ্য প্রযুক্তি', 1, 'তথ্য প্রযুক্তি', '2014-08-06', '2014-08-06'),
(9, 'নদী ড্রেজিং', 1, 'নদী ড্রেজিং', '2014-08-06', '2014-08-06');

-- --------------------------------------------------------

--
-- Table structure for table `electionarea`
--

CREATE TABLE IF NOT EXISTS `electionarea` (
`id` int(11) NOT NULL,
  `title_bn` varchar(250) DEFAULT NULL,
  `title_en` varchar(250) DEFAULT NULL,
  `code` int(50) DEFAULT NULL,
  `district` int(11) DEFAULT NULL,
  `division` int(11) DEFAULT NULL,
  `constituencies` varchar(250) DEFAULT NULL
) ENGINE=InnoDB AUTO_INCREMENT=308 DEFAULT CHARSET=utf8;

--
-- Dumping data for table `electionarea`
--

INSERT INTO `electionarea` (`id`, `title_bn`, `title_en`, `code`, `district`, `division`, `constituencies`) VALUES
(1, 'পঞ্চগড় - ১', 'Panchagarh-1', 1, 77, 55, 'পঞ্চগড় সদর উপজেলা, তেতুলিয়া উপজেলা, আটোয়ারী উপজেলা'),
(2, 'পঞ্চগড় - ২', 'Panchagarh-2', 2, 77, 55, 'দেবীগঞ্জ উপজেলা, বোদা উপজেলা'),
(3, 'ঠাকুরগাঁও - ১', 'Thakurgaon-1', 3, 94, 55, ''),
(4, 'ঠাকুরগাঁও - ২', 'Thakurgaon-2', 4, 94, 55, ''),
(5, ' ঠাকুরগাঁও - ৩', 'Thakurgaon-3', 5, 94, 55, ''),
(8, 'দিনাজপুর - ১', 'Dinajpur-1', 6, 27, 55, ''),
(9, 'দিনাজপুর - ২', ' Dinajpur-2', 7, 27, 55, ''),
(10, 'দিনাজপুর - ৩', 'Dinajpur-3', 8, 27, 55, ''),
(11, 'দিনাজপুর - ৪', 'Dinajpur-4', 9, 27, 55, ''),
(12, 'জয়পুরহাট - ১', 'Joypurhat-1', 34, 38, 50, 'জয়পুরহাট সদর উপজেলা, পাঁচবিবি উপজেলা'),
(13, 'জয়পুরহাট - ২', 'Joypurhat-2', 35, 38, 50, 'আক্কেলপুর উপজেলা, কালাই উপজেলা, ক্ষেতলাল উপজেলা'),
(14, 'মেহেরপুর - ১', 'Meherpur-1', 73, 57, 40, 'মেহেরপুর সদর উপজেলা, মুজিবনগর উপজেলা'),
(15, 'দিনাজপুর - ৫', 'Dinajpur-5', 10, 27, 55, ''),
(16, 'দিনাজপুর - ৬', 'Dinajpur-6', 11, 27, 55, ''),
(17, 'নীলফামারী-১', 'Nilphamari-1', 12, 73, 55, ''),
(18, 'নীলফামারী-২', 'Nilphamari-2', 13, 73, 55, ''),
(19, 'নীলফামারী-৩', 'Nilphamari-3', 14, 73, 55, ''),
(20, 'নীলফামারী-৪', 'Nilphamari-4', 15, 73, 55, ''),
(21, 'লালমনিরহাট-১', 'Lalmonirhat-1', 16, 52, 55, ''),
(22, 'লালমনিরহাট-২', 'Lalmonirhat-2', 17, 52, 55, ''),
(23, 'লালমনিরহাট-৩', 'Lalmonirhat-3', 18, 52, 55, ''),
(24, 'রংপুর-১', 'Rangpur-1', 19, 85, 55, 'গঙ্গাছড়া উপজেলা'),
(25, 'রংপুর-২', 'Rangpur-2', 20, 85, 55, ''),
(26, 'রংপুর-৩', 'Rangpur-3', 21, 85, 55, 'রংপুর সদর উপজেলা'),
(27, 'রংপুর-৪', 'Rangpur-4', 22, 85, 55, ''),
(28, 'রংপুর-৫', 'Rangpur-5', 23, 85, 55, ''),
(29, 'রংপুর-৬', 'Rangpur-6', 24, 85, 55, ''),
(30, 'কুড়িগ্রাম-১', 'Kurigram-1', 25, 49, 55, 'ভুরুঙ্গামারী উপজেলা, নাগেশ্বরী উপজেলা'),
(31, 'কুড়িগ্রাম-২ ', 'Kurigram-2', 26, 49, 55, 'কুড়িগ্রাম সদর উপজেলা, রাজারহাট উপজেলা, ফুলবাড়ী উপজেলা'),
(32, 'কুড়িগ্রাম-৪', 'Kurigram-4', 28, 49, 55, 'রৌমারী উপজেলা, চর রাজীবপুর উপজেলা, উলিপুর উপজেলার অংশ, চিলমারী উপজেলা অংশ'),
(33, 'গাইবান্ধা-১', 'Gaibandha-1', 29, 32, 55, 'সুন্দরগঞ্জ উপজেলা'),
(34, 'গাইবান্ধা-২', 'Gaibandha-2', 30, 32, 55, 'গাইবান্ধা সদর উপজেলা'),
(35, 'গাইবান্ধা-৩', 'Gaibandha-3', 31, 32, 55, 'পলাশবাড়ী উপজেলা, সাদুল্লাপুর উপজেলা'),
(36, 'গাইবান্ধা-৪', 'Gaibandha-4', 32, 32, 55, 'গোবিন্দগঞ্জ উপজেলা'),
(37, 'গাইবান্ধা-৫', 'Gaibandha-5', 33, 32, 55, 'সাঘাটা উপজেলা, ফুলছড়ি উপজেলা'),
(38, 'বগুড়া-১', 'Bogra-1', 36, 10, 50, 'সারিয়াকান্দি উপজেলা,  সোনাতলা উপজেলা'),
(39, 'বগুড়া-২', 'Bogra-2', 37, 10, 50, 'শিবগঞ্জ উপজেলা'),
(40, 'বগুড়া-৩', 'Bogra-3', 38, 10, 50, 'আদমদীঘি উপজেলা, দুপচাঁচিয়া উপজেলা'),
(41, 'বগুড়া-৪', 'Bogra-4', 39, 10, 50, 'কাহালু উপজেলা, নন্দীগ্রাম উপজেলা'),
(42, 'বগুড়া-৫', 'Bogra-5', 40, 10, 50, 'শেরপুর উপজেলা'),
(43, 'বগুড়া-৬', 'Bogra-6', 41, 10, 50, 'বগুড়া সদর উপজেলা'),
(44, 'বগুড়া-৭', 'Bogra-7', 42, 10, 50, 'গাবতলি উপজেলা, শাজাহানপুর উপজেলা'),
(46, 'চাঁপাই নবাবগঞ্জ- ১', 'Chapai Nawabganj-1', 43, 70, 50, 'শিবগঞ্জ উপজেলা'),
(47, 'চাঁপাই নবাবগঞ্জ- ২', 'Chapai Nawabganj-2', 44, 70, 50, 'ভোলাহাট উপজেলা, গোমস্তাপুর উপজেলা, নাচোল উপজেলা'),
(48, 'চাঁপাই নবাবগঞ্জ- ৩', 'Chapai Nawabganj-3', 45, 70, 50, 'নবাবগঞ্জ সদর উপজেলা'),
(49, 'নওগাঁ- ২', 'Naogaon-2', 47, 64, 50, ''),
(50, 'নওগাঁ- ১', 'Naogaon-1', 46, 64, 50, ''),
(51, 'নওগাঁ- ৪', 'Naogaon-4', 49, 64, 50, ''),
(52, 'নওগাঁ- ৩', 'Naogaon-3', 48, 64, 50, ''),
(53, 'নওগাঁ-৫', 'Naogaon-5', 50, 64, 50, ''),
(54, 'নওগাঁ-৬', 'Naogaon-6', 51, 64, 50, ''),
(55, 'নাটোর- ১', 'Natore-1', 58, 69, 50, 'লালপুর উপজেলা, বাগাতিপাড়া উপজেলা'),
(56, 'নাটোর- ২', 'Natore-2', 59, 69, 50, ''),
(57, 'নাটোর- ৩', 'Natore-3', 60, 69, 50, ''),
(58, 'নাটোর- ৪', 'Natore-4', 61, 69, 50, ''),
(59, 'সিরাজগঞ্জ- ১', 'Sirajganj-1', 62, 88, 50, ''),
(60, 'সিরাজগঞ্জ- ২', 'Sirajganj-2', 63, 88, 50, ''),
(61, 'সিরাজগঞ্জ- ৩', 'Sirajganj-3', 64, 88, 50, ''),
(62, 'সিরাজগঞ্জ- ৪', 'Sirajganj-4', 65, 88, 50, ''),
(63, 'সিরাজগঞ্জ- ৫', 'Sirajganj-5', 66, 88, 50, ''),
(64, 'সিরাজগঞ্জ- ৬', 'Sirajganj-6', 67, 88, 50, ''),
(65, 'পাবনা- ৫', 'Pabna-5', 72, 76, 50, ''),
(66, 'পাবনা- ৪', 'Pabna-4', 71, 76, 50, ''),
(67, 'পাবনা- ১', 'Pabna-1', 68, 76, 50, ''),
(68, 'পাবনা- ২', 'Pabna-2', 69, 76, 50, ''),
(69, 'পাবনা- ৩', 'Pabna-3', 70, 76, 50, ''),
(71, 'মেহেরেপুর- ২', 'Meherpur-2', 74, 57, 40, 'গাংনী উপজেলা'),
(72, 'কুষ্টিয়া- ১', 'Kushtia-1', 75, 50, 40, ''),
(73, 'কুষ্টিয়া- ২', 'Kushtia-2', 76, 50, 40, 'মীরপুর উপজেলা, ভেড়ামারা উপজেলা'),
(74, 'কুষ্টিয়া- ৩', 'Kushtia-3', 77, 50, 40, ''),
(75, 'কুষ্টিয়া- ৪', 'Kushtia-4', 78, 50, 40, ''),
(76, 'চুয়াডাঙ্গা- ২', 'Chuadanga-2', 80, 18, 40, 'চুয়াডাঙ্গা সদর উপজেলার অংশ, দামুড়হুদা উপজেলা, জীবননগর উপজেলা'),
(77, 'চুয়াডাঙ্গা- ১', 'Chuadanga-1', 79, 18, 40, 'আলমডাঙ্গা উপজেলা,  চুয়াডাঙ্গা সদর উপজেলার অংশ'),
(78, 'ঝিনাইদহ- ৪', 'Jhenaidah-4', 84, 44, 40, ''),
(79, 'ঝিনাইদহ- ৩', 'Jhenaidah-3', 83, 44, 40, 'মহেশপুর উপজেলা, কোটচাঁদপুর উপজেলা'),
(80, 'ঝিনাইদহ- ২', 'Jhenaidah-2', 82, 44, 40, ''),
(81, 'ঝিনাইদহ- ১', 'Jhenaidah-1', 81, 44, 40, ''),
(82, 'যশোর- ১', 'Jessore-1', 85, 41, 40, 'শার্শা উপজেলা'),
(83, 'যশোর- ২', 'Jessore-2', 86, 41, 40, 'চৌগাছা উপজেলা, ঝিকরগাছা উপজেলা'),
(84, 'যশোর- ৩', 'Jessore-3', 87, 41, 40, 'যশোর সদর উপজেলা'),
(85, 'যশোর- ৪', 'Jessore-4', 88, 41, 40, 'বাঘারপাড়া উপজেলা, অভয়নগর উপজেলা, যশোর সদর উপজেলা'),
(86, 'যশোর- ৫', 'Jessore-5', 89, 41, 40, 'মনিরামপুর উপজেলা'),
(87, 'যশোর- ৬', 'Jessore-6', 90, 41, 40, 'কেশবপুর উপজেলা'),
(88, 'মাগুরা- ২', 'Magura-2', 92, 55, 40, ''),
(89, 'মাগুরা- ১', 'Magura-1', 91, 55, 40, ''),
(90, 'নড়াইল- ১', 'Narail-1', 93, 65, 40, 'কালিয়া উপজেলা, নড়াইল সদর উপজেলার অংশ'),
(91, 'নড়াইল- ২', 'Narail-2', 94, 65, 40, 'লোহাগড়া উপজেলা, নড়াইল সদর উপজেলার অংশ'),
(92, 'বাগেরহাট- ১', 'Bagerhat-1', 95, 1, 40, 'চিতলমারী উপজেলা, ফকিরহাট  উপজেলা, মোল্লাহাট উপজেলা'),
(93, 'বাগেরহাট- ২', 'Bagerhat-2', 96, 1, 40, 'বাগেরহাট সদর উপজেলা, কচুয়া উপজেলা'),
(94, 'বাগেরহাট- ৩', 'Bagerhat-3', 97, 1, 40, 'মংলা উপজেলা, রামপাল উপজেলা'),
(95, 'বাগেরহাট- ৪', 'Bagerhat-4', 98, 1, 40, 'মোরেলগঞ্জ উপজেলা, শরণখোলা উপজেলা'),
(96, 'খুলনা- ১', 'Khulna-1', 99, 47, 40, 'দাকোপ উপজেলা, বটিয়াঘাটা উপজেলা'),
(97, 'খুলনা- ২', 'Khulna-2', 100, 47, 40, 'কোতয়ালী থানা, সোনাডাঙ্গা থানা'),
(98, 'খুলনা- ৩', 'Khulna-3', 101, 47, 40, 'খালিশপুর থানা, খান জাহান আলী থানা'),
(99, 'খুলনা- ৪', 'Khulna-4', 102, 47, 40, 'রূপসা উপজেলা, দিঘলিয়া উপজেলা, তেরখাদা উপজেলা'),
(100, 'খুলনা- ৫', 'Khulna-5', 103, 47, 40, 'ডুমুরিয়া উপজেলা, ফুলতলা উপজেলা'),
(101, 'খুলনা- ৬', 'Khulna-6', 104, 47, 40, 'কয়রা উপজেলা, পাইকগাছা উপজেলা'),
(102, 'সাতক্ষীরা- ২', 'Satkhira-2', 106, 87, 40, 'তালা উপজেলা'),
(103, 'সাতক্ষীরা- ৩', 'Satkhira-3', 107, 87, 40, ''),
(104, 'সাতক্ষীরা- ৪', 'Satkhira-4', 108, 87, 40, ''),
(105, 'সাতক্ষীরা- ১', 'Satkhira-1', 105, 87, 40, 'কলারোয়া উপজেলা, তালা উপজেলা'),
(106, 'বরগুনা- ১', 'Barguna-1', 109, 4, 10, ' বরগুনা সদর উপজেলা, আমতলী উপজেলা'),
(107, 'বরগুনা- ২', 'Barguna-2', 110, 4, 10, 'বামনা উপজেলা, পাথরঘাটা উপজেলা, বেতাগি উপজেলা'),
(108, 'পটুয়াখালী- ১', 'Patuakhali-1', 111, 78, 10, 'পটুয়াখালী সদর উপজেলা, মির্জাগঞ্জ উপজেলা, দুমকি উপজেলা'),
(109, 'পটুয়াখালী- ২', 'Patuakhali-2', 112, 78, 10, 'বাউফল উপজেলা'),
(110, 'পটুয়াখালী- ৩', 'Patuakhali-3', 113, 78, 10, 'দশমিনা উপজেলা, গলাচিপা উপজেলা'),
(111, 'পটুয়াখালী- ৪', 'Patuakhali-4', 114, 78, 10, 'কলাপাড়া উপজেলা, রাংগাবালী উপজেলা'),
(112, 'ভোলা- ১', 'Bhola-1', 115, 9, 10, 'ভোলা সদর উপজেলা'),
(113, 'ভোলা- ২', 'Bhola-2', 116, 9, 10, 'বোরহানউদ্দিন উপজেলা, দৌলতখান উপজেলা'),
(114, 'ভোলা- ৩', 'Bhola-3', 117, 9, 10, 'লালমোহন উপজেলা, তজমুদ্দিন উপজেলা'),
(115, 'ভোলা- ৪', 'Bhola-4', 118, 9, 10, 'চরফ্যাশন উপজেলা, মনপুরা উপজেলা'),
(116, 'বরিশাল- ১', 'Barisal-1', 119, 6, 10, 'আগৈলঝারা উপজেলা, গৌরনদী উপজেলা'),
(117, 'বরিশাল- ২', 'Barisal-2', 120, 6, 10, 'বানারিপাড়া উপজেলা, উজিরপুর উপজেলা'),
(118, 'বরিশাল- ৩', 'Barisal-3', 121, 6, 10, 'বাবুগঞ্জ উপজেলা, মুলাদি উপজেলা'),
(119, 'বরিশাল- ৪', 'Barisal-4', 122, 6, 10, 'হিজলা উপজেলা, মেহেন্দিগঞ্জ উপজেলা'),
(120, 'বরিশাল- ৫', 'Barisal-5', 123, 6, 10, 'বরিশাল সদর উপজেলা'),
(121, 'বরিশাল- ৬', 'Barisal-6', 124, 6, 10, 'বাকেরগঞ্জ উপজেলা'),
(122, 'ঝালকাঠি- ২', 'Jhalokati-2', 126, 42, 10, 'ঝালকাঠি সদর উপজেলা, নলছিটি উপজেলা'),
(123, 'ঝালকাঠি- ১', 'Jhalokati-1', 125, 42, 10, 'রাজাপুর উপজেলা, কাঁঠালিয়া উপজেলা'),
(124, 'পিরোজপুর- ১', 'Pirojpur-1', 127, 79, 10, 'পিরোজপুর সদর, নাজিরপুর উপজেলা, উপজেলা, নেছারাবাদ (স্বরূপকাঠি) উপজেলা'),
(125, 'পিরোজপুর- ২', 'Pirojpur-2', 128, 79, 10, 'ভাণ্ডারিয়া উপজেলা, কাউখালী উপজেলা, জিয়ানগর উপজেলা'),
(126, 'পিরোজপুর- ৩', 'Pirojpur-3', 129, 79, 10, 'মঠবাড়িয়া উপজেলা'),
(127, 'টাঙ্গাইল- ১', 'Tangail-1', 130, 93, 30, ''),
(128, 'টাঙ্গাইল- ২', 'Tangail-2', 131, 93, 30, ''),
(129, 'টাঙ্গাইল- ৩', 'Tangail-3', 132, 93, 30, ''),
(130, 'টাঙ্গাইল- ৪', 'Tangail-4', 133, 93, 30, ''),
(131, 'টাঙ্গাইল- ৫', 'Tangail-5', 134, 93, 30, ''),
(132, 'টাঙ্গাইল- ৬', 'Tangail-6', 135, 93, 30, ''),
(133, 'টাঙ্গাইল- ৭', 'Tangail-7', 136, 93, 30, ''),
(134, 'টাঙ্গাইল- ৮', 'Tangail-8', 137, 93, 30, ''),
(135, 'জামালপুর- ১', 'Jamalpur-1', 138, 39, 30, 'বকশীগঞ্জ উপজেলা, দেওয়ানগঞ্জ উপজেলা'),
(136, 'জামালপুর- ২', 'Jamalpur-2', 139, 39, 30, 'ইসলামপুর উপজেলা'),
(137, 'জামালপুর- ৩', 'Jamalpur-3', 140, 39, 30, 'মাদারগঞ্জ উপজেলা, মেলান্দহ উপজেলা'),
(138, 'জামালপুর- ৪', 'Jamalpur-4', 141, 39, 30, 'সরিষাবাড়ি উপজেলা, জামালপুর সদর উপজেলার অংশ'),
(139, 'জামালপুর- ৫', 'Jamalpur-5', 142, 39, 30, 'জামালপুর সদর উপজেলার অংশ'),
(140, 'শেরপুর- ১', 'Sherpur-1', 143, 89, 30, 'শেরপুর সদর উপজেলা'),
(141, 'শেরপুর- ২', 'Sherpur-2', 144, 89, 30, 'নকলা উপজেলা, নালিতাবাড়ি উপজেলা'),
(142, 'শেরপুর- ৩', 'Sherpur-3', 145, 89, 30, 'শ্রীবর্দি উপজেলা, ঝিনাইগতি উপজেলা'),
(143, 'ময়মনসিংহ- ১', 'Mymensingh-1', 146, 61, 30, 'হালুয়াঘাট উপজেলা, ধোবাউড়া উপজেলা'),
(144, 'ময়মনসিংহ- ২', 'Mymensingh-2', 147, 61, 30, 'ফুলপুর উপজেলা, তারাকান্দা উপজেলা'),
(145, 'ময়মনসিংহ- ৩', 'Mymensingh-3', 148, 61, 30, 'গৌরীপুর উপজেলা'),
(146, 'ময়মনসিংহ- ৪', 'Mymensingh-4', 149, 61, 30, 'ময়মনসিংহ সদর উপজেলা'),
(147, 'ময়মনসিংহ- ৫', 'Mymensingh-5', 150, 61, 30, 'মুক্তাগাছা উপজেলা'),
(148, 'ময়মনসিংহ- ৬', 'Mymensingh-6', 151, 61, 30, 'ফুলবাড়িয়া উপজেলা'),
(149, 'ময়মনসিংহ- ৭', 'Mymensingh-7', 152, 61, 30, 'ত্রিশাল উপজেলা'),
(150, 'ময়মনসিংহ- ৮', 'Mymensingh-8', 153, 61, 30, 'ঈশ্বরগঞ্জ উপজেলা'),
(151, 'ময়মনসিংহ- ৯', 'Mymensingh-9', 154, 61, 30, 'নান্দাইল উপজেলা'),
(152, 'ময়মনসিংহ- ১০', 'Mymensingh-10', 155, 61, 30, 'গফরগাঁও উপজেলা'),
(153, 'ময়মনসিংহ- ১১', 'Mymensingh-11', 156, 61, 30, 'ভালুকা উপজেলা'),
(154, 'নেত্রকোনা- ১', 'Netrokona-1', 157, 72, 30, 'কলমাকান্দা উপজেলা, দুর্গাপুর উপজেলা'),
(155, 'নেত্রকোনা- ২', 'Netrokona-2', 158, 72, 30, 'নেত্রকোনা সদর উপজেলা, বারহাট্টা উপজেলা'),
(156, 'নেত্রকোনা- ৩', 'Netrokona-3', 159, 72, 30, ''),
(157, 'নেত্রকোনা- ৪', 'Netrokona-4', 160, 72, 30, ''),
(158, 'নেত্রকোনা- ৫', 'Netrokona-5', 161, 72, 30, 'পূর্বধলা উপজেলা'),
(159, 'কিশোরগঞ্জ- ১', 'Kishoreganj-1', 162, 48, 30, ''),
(160, 'কিশোরগঞ্জ- ২', 'Kishoreganj-2', 163, 48, 30, ''),
(161, 'কিশোরগঞ্জ- ৩', 'Kishoreganj-3', 164, 48, 30, ''),
(162, 'কিশোরগঞ্জ- ৪', 'Kishoreganj-4', 165, 48, 30, ''),
(163, 'কিশোরগঞ্জ- ৫', 'Kishoreganj-5', 166, 48, 30, ''),
(164, 'কিশোরগঞ্জ- ৬', 'Kishoreganj-6', 167, 48, 30, ''),
(165, 'মানিকগঞ্জ- ১', 'Manikganj-1', 168, 56, 30, ''),
(166, 'মানিকগঞ্জ- ২', 'Manikganj-2', 169, 56, 30, ''),
(167, 'মানিকগঞ্জ- ৩', 'Manikganj-3', 170, 56, 30, ''),
(168, 'মুন্সীগঞ্জ- ২', 'Munshiganj-2', 172, 59, 30, ''),
(169, 'মুন্সীগঞ্জ- ১', 'Munshiganj-1', 171, 59, 30, ''),
(170, 'মুন্সীগঞ্জ- ৩', 'Munshiganj-3', 173, 59, 30, ''),
(171, 'ঢাকা- ৯', 'Dhaka-9', 182, 26, 30, ''),
(172, 'ঢাকা- ৮', 'Dhaka-8', 181, 26, 30, ''),
(173, 'ঢাকা- ৭', 'Dhaka-7', 180, 26, 30, ''),
(174, 'ঢাকা- ৬', 'Dhaka-6', 179, 26, 30, ''),
(175, 'ঢাকা- ৫', 'Dhaka-5', 178, 26, 30, ''),
(176, 'ঢাকা- ৪', 'Dhaka-4', 177, 26, 30, ''),
(177, 'ঢাকা- ৩', 'Dhaka-3', 176, 26, 30, ''),
(178, 'ঢাকা- ২', 'Dhaka-2', 175, 26, 30, ''),
(179, 'ঢাকা- ১', 'Dhaka-1', 174, 26, 30, ''),
(180, 'ঢাকা- ১০', 'Dhaka-10', 183, 26, 30, ''),
(181, 'ঢাকা- ১১', 'Dhaka-11', 184, 26, 30, ''),
(182, 'ঢাকা- ১২', 'Dhaka-12', 185, 26, 30, ''),
(183, 'ঢাকা- ১৩', 'Dhaka-13', 186, 26, 30, ''),
(184, 'ঢাকা- ১৪', 'Dhaka-14', 187, 26, 30, 'ঢাকা ওয়ার্ড নং ৭, ৮, ৯, ১০, ১১, ১২ এবং সাভার উপজেলার অংশ'),
(185, 'ঢাকা- ১৫', 'Dhaka-15', 188, 26, 30, ''),
(186, 'ঢাকা- ১৬', 'Dhaka-16', 189, 26, 30, ''),
(187, 'ঢাকা- ১৭', 'Dhaka-17', 190, 26, 30, ''),
(188, 'ঢাকা- ১৮', 'Dhaka-18', 191, 26, 30, ''),
(189, 'ঢাকা- ১৯', 'Dhaka-19', 192, 26, 30, 'সাভার উপজেলার অংশ'),
(190, 'ঢাকা- ২০', 'Dhaka-20', 193, 26, 30, ''),
(191, 'গাজীপুর- ৫', 'Gazipur-5', 198, 33, 30, ''),
(192, 'গাজীপুর- ৪', 'Gazipur-4', 197, 33, 30, ''),
(193, 'গাজীপুর- ৩', 'Gazipur-3', 196, 33, 30, 'গাজীপুর সদর উপজেলার অংশ, শ্রীপুর উপজেলা'),
(194, 'গাজীপুর- ২', 'Gazipur-2', 195, 33, 30, 'গাজীপুর সদর উপজেলার অংশ'),
(195, 'গাজীপুর- ১', 'Gazipur-1', 194, 33, 30, ''),
(196, 'নরসিংদী- ১', 'Narsingdi-1', 199, 68, 30, 'নরসিংদী সদর উপজেলার অংশ'),
(197, 'নরসিংদী- ২', 'Narsingdi-2', 200, 68, 30, 'নরসিংদী সদর উপজেলার অংশ, পলাশ উপজেলা'),
(198, 'নরসিংদী- ৩', 'Narsingdi-3', 201, 68, 30, 'শিবপুর উপজেলা'),
(199, 'নরসিংদী- ৪', 'Narsingdi-4', 202, 68, 30, 'বেলাব উপজেলা, মনোহরদী উপজেলা'),
(200, 'নরসিংদী- ৫', 'Narsingdi-5', 203, 68, 30, 'রায়পুরা উপজেলা'),
(201, 'রাজবাড়ী- ১', 'Rajbari-1', 209, 82, 30, ''),
(202, 'রাজবাড়ী- ২', 'Rajbari-2', 210, 82, 30, ''),
(203, 'ফরিদপুর- ১', 'Faridpur-1', 211, 29, 30, ''),
(204, 'ফরিদপুর- ২', 'Faridpur-2', 212, 29, 30, ''),
(205, 'ফরিদপুর- ৩', 'Faridpur-3', 213, 29, 30, ''),
(206, 'ফরিদপুর- ৪', 'Faridpur-4', 214, 29, 30, ''),
(207, 'গোপালগঞ্জ- ১', 'Gopalganj-1', 215, 35, 30, ''),
(208, 'গোপালগঞ্জ- ২', 'Gopalganj-2', 216, 35, 30, ''),
(209, 'গোপালগঞ্জ- ৩', 'Gopalganj-3', 217, 35, 30, ''),
(210, 'মাদারীপুর- ৩', 'Madaripur-3', 220, 54, 30, ''),
(211, 'মাদারীপুর- ২', 'Madaripur-2', 219, 54, 30, ''),
(212, 'মাদারীপুর- ১', 'Madaripur-1', 218, 54, 30, ''),
(213, 'শরীয়তপুর- ৩', 'Shariatpur-3', 223, 86, 30, ''),
(214, 'শরীয়তপুর- ২', 'Shariatpur-2', 222, 86, 30, ''),
(215, 'শরীয়তপুর- ১', 'Shariatpur-1', 221, 86, 30, ''),
(216, 'সুনামগঞ্জ- ৫', 'Sunamganj-5', 228, 90, 60, ''),
(217, 'সুনামগঞ্জ- ৪', 'Sunamganj-4', 227, 90, 60, ''),
(218, 'সুনামগঞ্জ- ৩', 'Sunamganj-3', 226, 90, 60, ''),
(219, 'সুনামগঞ্জ- ২', 'Sunamganj-2', 225, 90, 60, ''),
(220, 'সুনামগঞ্জ- ১', 'Sunamganj-1', 224, 90, 60, ''),
(221, 'সিলেট- ১', 'Sylhet-1', 229, 91, 60, ''),
(222, 'সিলেট- ২', 'Sylhet-2', 230, 91, 60, ''),
(223, 'সিলেট- ৩', 'Sylhet-3', 231, 91, 60, ''),
(224, 'সিলেট- ৪', 'Sylhet-4', 232, 91, 60, ''),
(225, 'সিলেট- ৬', 'Sylhet-6', 234, 91, 60, ''),
(226, 'সিলেট- ৫', 'Sylhet-5', 233, 91, 60, ''),
(227, 'মৌলভীবাজার- ১', 'Maulvibazar-1', 235, 58, 60, ''),
(228, 'মৌলভীবাজার- ২', 'Maulvibazar-2', 236, 58, 60, ''),
(229, 'মৌলভীবাজার- ৩', 'Maulvibazar-3', 237, 58, 60, ''),
(230, 'মৌলভীবাজার- ৪', 'Maulvibazar-4', 238, 58, 60, ''),
(231, 'হবিগঞ্জ- ২', 'Habiganj-2', 240, 36, 60, ''),
(232, 'হবিগঞ্জ- ১', 'Habiganj-1', 239, 36, 60, ''),
(233, 'হবিগঞ্জ- ৩', 'Habiganj-3', 241, 36, 60, ''),
(234, 'হবিগঞ্জ- ৪', 'Habiganj-4', 242, 36, 60, ''),
(235, 'ব্রাহ্মণবাড়িয়া- ১', 'Brahmanbaria-1', 243, 12, 20, ''),
(236, 'ব্রাহ্মণবাড়িয়া- ২', 'Brahmanbaria-2', 244, 12, 20, ''),
(237, 'ব্রাহ্মণবাড়িয়া- ৩', 'Brahmanbaria-3', 245, 12, 20, ''),
(238, 'ব্রাহ্মণবাড়িয়া- ৪', 'Brahmanbaria-4', 246, 12, 20, ''),
(239, 'ব্রাহ্মণবাড়িয়া- ৫', 'Brahmanbaria-5', 247, 12, 20, ''),
(240, 'ব্রাহ্মণবাড়িয়া- ৬', 'Brahmanbaria-6', 248, 12, 20, ''),
(241, 'কুমিল্লা- ১', 'Comilla-1', 249, 19, 20, ''),
(242, 'কুমিল্লা- ২', 'Comilla-2', 250, 19, 20, ''),
(243, 'কুমিল্লা- ৩', 'Comilla-3', 251, 19, 20, ''),
(244, 'কুমিল্লা- ৪', 'Comilla-4', 252, 19, 20, ''),
(245, 'কুমিল্লা- ৫', 'Comilla-5', 253, 19, 20, ''),
(247, 'কুমিল্লা- ৭', 'Comilla-7', 255, 19, 20, ''),
(248, 'কুমিল্লা- ৮', 'Comilla-8', 256, 19, 20, ''),
(249, 'কুমিল্লা- ৯', 'Comilla-9', 257, 19, 20, ''),
(250, 'কুমিল্লা- ১০', 'Comilla-10', 258, 19, 20, ''),
(251, 'কুমিল্লা- ১১', 'Comilla-11', 259, 19, 20, ''),
(253, 'চাঁদপুর- ১', 'Chandpur-1', 260, 13, 20, ''),
(254, 'চাঁদপুর- ২', 'Chandpur-2', 261, 13, 20, ''),
(255, 'চাঁদপুর- ৩', 'Chandpur-3', 262, 13, 20, ''),
(256, 'চাঁদপুর- ৪', 'Chandpur-4', 263, 13, 20, ''),
(257, 'চাঁদপুর- ৫', 'Chandpur-5', 264, 13, 20, ''),
(258, 'ফেনী- ৩', 'Feni-3', 267, 30, 20, ''),
(259, 'ফেনী- ২', 'Feni-2', 266, 30, 20, ''),
(260, 'ফেনী- ১', 'Feni-1', 265, 30, 20, ''),
(261, 'নোয়াখালী - ১', 'Noakhali-1', 268, 75, 20, ''),
(262, 'নোয়াখালী - ২', 'Noakhali-2', 269, 75, 20, ''),
(263, 'নোয়াখালী - ৩', 'Noakhali-3', 270, 75, 20, ''),
(264, 'নোয়াখালী - ৪', 'Noakhali-4', 271, 75, 20, ''),
(265, 'নোয়াখালী - ৫', 'Noakhali-5', 272, 75, 20, ''),
(266, 'নোয়াখালী - ৬', 'Noakhali-6', 273, 75, 20, ''),
(267, 'লক্ষ্মীপুর-১', 'Lakshmipur-1', 274, 51, 20, ''),
(268, 'লক্ষ্মীপুর-২', 'Lakshmipur-2', 275, 51, 20, ''),
(269, 'লক্ষ্মীপুর-৩', 'Lakshmipur-3', 276, 51, 20, ''),
(270, 'লক্ষ্মীপুর-৪', 'Lakshmipur-4', 277, 51, 20, ''),
(271, 'চট্টগ্রাম-১', 'Chittagong-1', 278, 15, 20, ''),
(272, 'চট্টগ্রাম-২', 'Chittagong-2', 279, 15, 20, ''),
(273, 'চট্টগ্রাম-৩', 'Chittagong-3', 280, 15, 20, ''),
(274, 'চট্টগ্রাম-৪', 'Chittagong-4', 281, 15, 20, ''),
(275, 'চট্টগ্রাম-৫', 'Chittagong-5', 282, 15, 20, ''),
(276, 'চট্টগ্রাম-৬', 'Chittagong-6', 283, 15, 20, ''),
(277, 'চট্টগ্রাম-৭', 'Chittagong-7', 284, 15, 20, ''),
(278, 'চট্টগ্রাম-৮', 'Chittagong-8', 285, 15, 20, ''),
(279, 'চট্টগ্রাম-৯', 'Chittagong-9', 286, 15, 20, ''),
(280, 'চট্টগ্রাম-১০', 'Chittagong-10', 287, 15, 20, ''),
(281, 'চট্টগ্রাম-১১', 'Chittagong-11', 288, 15, 20, ''),
(282, 'চট্টগ্রাম-১২', 'Chittagong-12', 289, 15, 20, ''),
(283, 'চট্টগ্রাম-১৩', 'Chittagong-13', 290, 15, 20, ''),
(284, 'চট্টগ্রাম-১৪', 'Chittagong-14', 291, 15, 20, ''),
(285, 'চট্টগ্রাম-১৫', 'Chittagong-15', 292, 15, 20, ''),
(286, 'চট্টগ্রাম-১৬', 'Chittagong-16', 293, 15, 20, ''),
(287, 'কক্সবাজার-১', 'Cox''s Bazar-1', 294, 22, 20, ''),
(288, 'কক্সবাজার-২', 'Cox''s Bazar-2', 295, 22, 20, ''),
(289, 'কক্সবাজার-৩', 'Cox''s Bazar-3', 296, 22, 20, ''),
(290, 'কক্সবাজার-৪', 'Cox''s Bazar-4', 297, 22, 20, ''),
(291, 'খাগড়াছড়ি', 'Parbatya Khagrachari', 298, 46, 20, ''),
(292, 'রাঙামাটি', 'Parbatya Rangamati', 299, 84, 20, ''),
(293, 'বান্দরবান', 'Parbatya Bandarban', 300, 3, 20, ''),
(294, 'কুমিল্লা - ৬', 'Comilla-6', 254, 19, 20, ''),
(296, 'কুড়িগ্রাম-৩', 'Kurigram-3', 27, 49, 55, 'উলিপুর উপজেলার অংশ, চিলমারী উপজেলা অংশ'),
(297, 'রাজশাহী- ১', 'Rajshahi-1', 52, 81, 50, ''),
(298, 'রাজশাহী - ২', 'Rajshahi - 2', 53, 81, 50, ''),
(299, 'রাজশাহী - ৩', 'Rajshahi-3', 54, 81, 50, ''),
(300, 'রাজশাহী - ৪', 'Rajshahi-4', 55, 81, 50, ''),
(301, 'রাজশাহী - ৫', 'Rajshahi-5', 56, 81, 50, ''),
(302, 'রাজশাহী - ৬', 'Rajshahi-6', 57, 81, 50, ''),
(303, 'নারায়নঞ্জ - ১', 'Narayanganj-1', 204, 67, 30, ''),
(304, 'নারায়নঞ্জ - ২', 'Narayanganj-2', 205, 67, 30, ''),
(305, 'নারায়নগঞ্জ - ৩', 'Narayanganj-3', 206, 67, 30, ''),
(306, 'নারায়নগঞ্জ - ৪', 'Narayanganj-4', 207, 67, 30, ''),
(307, 'নারায়নগঞ্জ - ৫', 'Narayanganj-5', 208, 67, 30, '');

-- --------------------------------------------------------

--
-- Table structure for table `email_confirmations`
--

CREATE TABLE IF NOT EXISTS `email_confirmations` (
`id` int(10) unsigned NOT NULL,
  `usersId` int(10) unsigned NOT NULL,
  `code` char(32) NOT NULL,
  `createdAt` int(10) unsigned NOT NULL,
  `modifiedAt` int(10) unsigned DEFAULT NULL,
  `confirmed` char(1) DEFAULT 'N'
) ENGINE=InnoDB AUTO_INCREMENT=24 DEFAULT CHARSET=utf8;

--
-- Dumping data for table `email_confirmations`
--

INSERT INTO `email_confirmations` (`id`, `usersId`, `code`, `createdAt`, `modifiedAt`, `confirmed`) VALUES
(1, 5, 'XvZiWqJOEeB1CZtwZo2ryv2VEyvMYUNX', 1405071919, NULL, 'N'),
(2, 6, 'IB0s8m8UhA3yGOSar6sVaU8LFH8LWFr', 1405072300, NULL, 'N'),
(3, 7, 'J4I2slNs77vsWfyK1EYRKm1PFG4n1XKU', 1409635127, NULL, 'N'),
(4, 8, '5BP0HdThrt3tVIgMrIcdkwBE0WvT7E', 1410258567, NULL, 'N'),
(5, 9, 'TJPOKxqLavkAoqYvyT67secbiJ73', 1411885247, NULL, 'N'),
(6, 10, '1ufYbkkhtgvoUdkjgqoxxsgo8n2LGLfC', 1411885268, NULL, 'N'),
(7, 11, 'Em33u4uuPWWkMxxiapgzBiciMVohTjqu', 1412231839, NULL, 'N'),
(8, 12, '1p7vSwGZPZ6kYEGsL7i4N8hhEoUcOSNV', 1412233687, NULL, 'N'),
(9, 13, 'TRthfPdoisVYWKDmRIZybBAuZXk493Zj', 1412233843, NULL, 'N'),
(10, 14, 'qPfaU9tpu5jVxqSr1xgZpSDcY5hTaTX', 1412233890, NULL, 'N'),
(11, 15, 'rK9pv55XnQ1X3KdfLvGHRdRLzN0wkM', 1412262761, NULL, 'N'),
(12, 1, 'B4EL6zVJ1FzNN0wDqXLAhnEXlJJzw4Ei', 1412751290, NULL, 'N'),
(13, 16, 'knFP3Ii9dEj7SY9VXLKP3YZu1eZ81bV', 1413095814, NULL, 'N'),
(14, 17, 'fd3S2KqL1SjDQhLavGM4y21RPnvza', 1413099699, NULL, 'N'),
(15, 18, 'Y6PtgelT3akHyABFTJrsOSmdxFOpPumn', 1413453609, NULL, 'N'),
(16, 19, 'zeykN2ydEFwyac743NisD946RfCRnU4', 1413951439, NULL, 'N'),
(17, 15, 'y09kwtEOjg1NKLb0UMjhrkKIMXzT1RE', 1414320920, NULL, 'N'),
(18, 15, 'QZKltUaqUtvoMSjpYIBm1jiiddFDQs', 1414321183, NULL, 'N'),
(19, 15, 'aFQ7wlEh3l0WfYfG3YoJhhoELkKKiVJ', 1414321319, NULL, 'N'),
(20, 15, 'hcMH1azDFzTgS2pz4mSnBIvot5cituM', 1414321534, NULL, 'N'),
(21, 15, 'gO2XfXbxYM0Ktmf5r8sBBymVjh6RudL', 1414468347, NULL, 'N'),
(22, 20, '3wTKgfpyQvlM3Hvpho9IPK4JNS8SavAb', 1414469119, NULL, 'N'),
(23, 21, 'L2Tlm2YhsuDKKTWCL1xIPcC9o5oH1i9M', 1415169367, NULL, 'N');

-- --------------------------------------------------------

--
-- Table structure for table `failed_logins`
--

CREATE TABLE IF NOT EXISTS `failed_logins` (
`id` int(10) unsigned NOT NULL,
  `usersId` int(10) unsigned DEFAULT NULL,
  `ipAddress` char(15) NOT NULL,
  `attempted` smallint(5) unsigned NOT NULL
) ENGINE=InnoDB AUTO_INCREMENT=18 DEFAULT CHARSET=utf8;

--
-- Dumping data for table `failed_logins`
--

INSERT INTO `failed_logins` (`id`, `usersId`, `ipAddress`, `attempted`) VALUES
(1, 5, '127.0.0.1', 65535),
(2, 5, '127.0.0.1', 65535),
(3, 0, '192.168.1.114', 65535),
(4, 15, '127.0.0.1', 65535),
(5, 15, '127.0.0.1', 65535),
(6, 16, '127.0.0.1', 65535),
(7, 19, '127.0.0.1', 65535),
(8, 19, '127.0.0.1', 65535),
(9, 0, '127.0.0.1', 65535),
(10, 0, '127.0.0.1', 65535),
(11, 0, '127.0.0.1', 65535),
(12, 0, '127.0.0.1', 65535),
(13, 0, '127.0.0.1', 65535),
(14, 0, '127.0.0.1', 65535),
(15, 0, '127.0.0.1', 65535),
(16, 0, '127.0.0.1', 65535),
(17, 0, '127.0.0.1', 65535);

-- --------------------------------------------------------

--
-- Table structure for table `infodetails`
--

CREATE TABLE IF NOT EXISTS `infodetails` (
`id` int(25) NOT NULL,
  `info_id` int(25) NOT NULL,
  `subdomain_id` int(11) NOT NULL,
  `amount` int(11) NOT NULL,
  `status` tinyint(1) NOT NULL,
  `unit_id` int(15) NOT NULL
) ENGINE=InnoDB AUTO_INCREMENT=1071 DEFAULT CHARSET=utf8;

--
-- Dumping data for table `infodetails`
--

INSERT INTO `infodetails` (`id`, `info_id`, `subdomain_id`, `amount`, `status`, `unit_id`) VALUES
(8, 8, 1, 2, 1, 1),
(9, 8, 2, 3, 1, 1),
(10, 8, 3, 56789, 1, 1),
(11, 8, 4, 2344, 1, 1),
(12, 8, 36, 345, 1, 1),
(13, 8, 37, 2345, 1, 1),
(14, 8, 38, 654, 1, 1),
(15, 8, 39, 5, 1, 1),
(16, 8, 40, 34, 1, 1),
(17, 8, 44, 56, 1, 1),
(18, 8, 45, 5, 1, 1),
(19, 8, 46, 2, 1, 1),
(20, 9, 1, 3, 1, 1),
(21, 9, 2, 3, 1, 1),
(22, 9, 3, 4, 1, 1),
(23, 10, 1, 2147483647, 1, 1),
(24, 10, 2, 3432432, 1, 1),
(25, 11, 1, 23, 1, 1),
(26, 11, 2, 45, 1, 1),
(27, 11, 3, 23, 1, 1),
(28, 11, 4, 30, 1, 1),
(29, 11, 8, 28, 1, 1),
(30, 11, 9, 25, 1, 1),
(31, 11, 10, 56, 1, 1),
(32, 11, 11, 34, 1, 1),
(33, 11, 12, 12, 1, 1),
(34, 11, 13, 57, 1, 1),
(35, 11, 5, 34, 1, 1),
(36, 11, 6, 45, 1, 1),
(37, 11, 14, 23, 1, 1),
(38, 11, 15, 56, 1, 1),
(39, 11, 16, 54, 1, 1),
(40, 11, 17, 46, 1, 1),
(41, 11, 18, 54, 1, 1),
(42, 11, 19, 56, 1, 1),
(43, 11, 7, 45, 1, 1),
(44, 11, 20, 54, 1, 1),
(45, 11, 21, 23, 1, 1),
(46, 11, 22, 45, 1, 1),
(47, 11, 23, 87, 1, 1),
(48, 11, 24, 87, 1, 1),
(49, 11, 25, 90, 1, 1),
(50, 11, 26, 45, 1, 1),
(51, 11, 27, 89, 1, 1),
(52, 11, 28, 87, 1, 1),
(53, 11, 29, 89, 1, 1),
(54, 11, 30, 87, 1, 1),
(55, 11, 31, 67, 1, 1),
(56, 11, 32, 87, 1, 1),
(57, 11, 33, 67, 1, 1),
(58, 11, 34, 89, 1, 1),
(59, 11, 35, 67, 1, 1),
(60, 11, 36, 90, 1, 1),
(61, 11, 37, 89, 1, 1),
(62, 11, 38, 80, 1, 1),
(63, 11, 39, 70, 1, 1),
(64, 11, 40, 80, 1, 1),
(65, 11, 41, 90, 1, 1),
(66, 11, 42, 70, 1, 1),
(67, 11, 43, 60, 1, 1),
(68, 11, 47, 70, 1, 1),
(69, 11, 48, 4, 1, 1),
(70, 11, 44, 23, 1, 1),
(71, 11, 45, 40, 1, 1),
(72, 11, 46, 50, 1, 1),
(121, 13, 1, 78, 1, 1),
(122, 13, 2, 89, 1, 1),
(123, 13, 3, 77, 1, 1),
(124, 13, 4, 45, 1, 1),
(125, 13, 8, 45, 1, 1),
(126, 13, 9, 34, 1, 1),
(127, 13, 10, 56, 1, 1),
(128, 13, 11, 89, 1, 1),
(129, 13, 12, 90, 1, 1),
(130, 13, 13, 34, 1, 1),
(131, 13, 5, 56, 1, 1),
(132, 13, 6, 78, 1, 1),
(133, 13, 14, 34, 1, 1),
(134, 13, 15, 78, 1, 1),
(135, 13, 16, 87, 1, 1),
(136, 13, 17, 45, 1, 1),
(137, 13, 18, 78, 1, 1),
(138, 13, 19, 34, 1, 1),
(139, 13, 7, 78, 1, 1),
(140, 13, 20, 56, 1, 1),
(141, 13, 21, 45, 1, 1),
(142, 13, 22, 78, 1, 1),
(143, 13, 23, 90, 1, 1),
(144, 13, 24, 67, 1, 1),
(145, 13, 25, 45, 1, 1),
(146, 13, 26, 78, 1, 1),
(147, 13, 27, 45, 1, 1),
(148, 13, 28, 78, 1, 1),
(149, 13, 29, 34, 1, 1),
(150, 13, 30, 67, 1, 1),
(151, 13, 31, 76, 1, 1),
(152, 13, 32, 45, 1, 1),
(153, 13, 33, 78, 1, 1),
(154, 13, 34, 89, 1, 1),
(155, 13, 35, 89, 1, 1),
(156, 13, 36, 98, 1, 1),
(157, 13, 37, 78, 1, 1),
(158, 13, 38, 99, 1, 1),
(159, 13, 39, 87, 1, 1),
(160, 13, 40, 99, 1, 1),
(161, 13, 41, 88, 1, 1),
(162, 13, 42, 98, 1, 1),
(163, 13, 43, 67, 1, 1),
(164, 13, 47, 7, 1, 1),
(165, 13, 48, 8, 1, 1),
(166, 13, 44, 78, 1, 1),
(167, 13, 45, 87, 1, 1),
(168, 13, 46, 56, 1, 1),
(169, 14, 1, 89, 1, 1),
(170, 14, 2, 78, 1, 1),
(171, 14, 3, 67, 1, 1),
(172, 14, 4, 56, 1, 1),
(173, 14, 8, 67, 1, 1),
(174, 14, 9, 45, 1, 1),
(175, 14, 10, 56, 1, 1),
(176, 14, 11, 67, 1, 1),
(177, 14, 12, 34, 1, 1),
(178, 14, 13, 23, 1, 1),
(179, 14, 5, 23, 1, 1),
(180, 14, 6, 45, 1, 1),
(181, 14, 14, 56, 1, 1),
(182, 14, 15, 67, 1, 1),
(183, 14, 16, 34, 1, 1),
(184, 14, 17, 78, 1, 1),
(185, 14, 18, 34, 1, 1),
(186, 14, 19, 12, 1, 1),
(187, 14, 7, 34, 1, 1),
(188, 14, 20, 23, 1, 1),
(189, 14, 21, 56, 1, 1),
(190, 14, 22, 34, 1, 1),
(191, 14, 23, 78, 1, 1),
(192, 14, 24, 23, 1, 1),
(193, 14, 25, 67, 1, 1),
(194, 14, 26, 78, 1, 1),
(195, 14, 27, 34, 1, 1),
(196, 14, 28, 34, 1, 1),
(197, 14, 29, 67, 1, 1),
(198, 14, 30, 78, 1, 1),
(199, 14, 31, 89, 1, 1),
(200, 14, 32, 45, 1, 1),
(201, 14, 33, 34, 1, 1),
(202, 14, 34, 23, 1, 1),
(203, 14, 35, 87, 1, 1),
(204, 14, 36, 56, 1, 1),
(205, 14, 37, 78, 1, 1),
(206, 14, 38, 23, 1, 1),
(207, 14, 39, 67, 1, 1),
(208, 14, 40, 90, 1, 1),
(209, 14, 41, 67, 1, 1),
(210, 14, 42, 89, 1, 1),
(211, 14, 43, 89, 1, 1),
(212, 14, 47, 90, 1, 1),
(213, 14, 48, 89, 1, 1),
(214, 14, 44, 90, 1, 1),
(215, 14, 45, 78, 1, 1),
(216, 14, 46, 67, 1, 1),
(361, 18, 1, 120, 1, 1),
(362, 18, 2, 120, 1, 1),
(363, 18, 3, 130, 1, 1),
(364, 18, 4, 189, 1, 1),
(365, 18, 8, 189, 1, 1),
(366, 18, 9, 140, 1, 1),
(367, 18, 10, 120, 1, 1),
(368, 18, 11, 130, 1, 1),
(369, 18, 12, 120, 1, 1),
(370, 18, 13, 120, 1, 1),
(371, 18, 5, 120, 1, 1),
(372, 18, 6, 130, 1, 1),
(373, 18, 14, 138, 1, 1),
(374, 18, 15, 140, 1, 1),
(375, 18, 16, 130, 1, 1),
(376, 18, 17, 120, 1, 1),
(377, 18, 18, 109, 1, 1),
(378, 18, 19, 109, 1, 1),
(379, 18, 7, 120, 1, 1),
(380, 18, 20, 130, 1, 1),
(381, 18, 21, 178, 1, 1),
(382, 18, 22, 140, 1, 1),
(383, 18, 23, 150, 1, 1),
(384, 18, 24, 160, 1, 1),
(385, 18, 25, 170, 1, 1),
(386, 18, 26, 180, 1, 1),
(387, 18, 27, 130, 1, 1),
(388, 18, 28, 150, 1, 1),
(389, 18, 29, 120, 1, 1),
(390, 18, 30, 140, 1, 1),
(391, 18, 31, 150, 1, 1),
(392, 18, 32, 160, 1, 1),
(393, 18, 33, 170, 1, 1),
(394, 18, 34, 160, 1, 1),
(395, 18, 35, 140, 1, 1),
(396, 18, 36, 160, 1, 1),
(397, 18, 37, 140, 1, 1),
(398, 18, 38, 140, 1, 1),
(399, 18, 39, 170, 1, 1),
(400, 18, 40, 180, 1, 1),
(401, 18, 41, 150, 1, 1),
(402, 18, 42, 150, 1, 1),
(403, 18, 43, 120, 1, 1),
(404, 18, 47, 120, 1, 1),
(405, 18, 48, 120, 1, 1),
(406, 18, 44, 120, 1, 1),
(407, 18, 45, 120, 1, 1),
(408, 18, 46, 120, 1, 1),
(457, 20, 1, 130, 1, 1),
(458, 20, 2, 120, 1, 1),
(459, 20, 3, 140, 1, 1),
(460, 20, 4, 150, 1, 1),
(461, 20, 8, 160, 1, 1),
(462, 20, 9, 170, 1, 1),
(463, 20, 10, 180, 1, 1),
(464, 20, 11, 190, 1, 1),
(465, 20, 12, 180, 1, 1),
(466, 20, 13, 160, 1, 1),
(467, 20, 5, 120, 1, 1),
(468, 20, 6, 120, 1, 1),
(469, 20, 14, 130, 1, 1),
(470, 20, 15, 140, 1, 1),
(471, 20, 16, 169, 1, 1),
(472, 20, 17, 145, 1, 1),
(473, 20, 18, 123, 1, 1),
(474, 20, 19, 160, 1, 1),
(475, 20, 7, 124, 1, 1),
(476, 20, 20, 156, 1, 1),
(477, 20, 21, 167, 1, 1),
(478, 20, 22, 189, 1, 1),
(479, 20, 23, 145, 1, 1),
(480, 20, 24, 167, 1, 1),
(481, 20, 25, 123, 1, 1),
(482, 20, 26, 167, 1, 1),
(483, 20, 27, 167, 1, 1),
(484, 20, 28, 168, 1, 1),
(485, 20, 29, 178, 1, 1),
(486, 20, 30, 167, 1, 1),
(487, 20, 31, 165, 1, 1),
(488, 20, 32, 189, 1, 1),
(489, 20, 33, 109, 1, 1),
(490, 20, 34, 108, 1, 1),
(491, 20, 35, 120, 1, 1),
(492, 20, 36, 120, 1, 1),
(493, 20, 37, 130, 1, 1),
(494, 20, 38, 140, 1, 1),
(495, 20, 39, 150, 1, 1),
(496, 20, 40, 140, 1, 1),
(497, 20, 41, 120, 1, 1),
(498, 20, 42, 139, 1, 1),
(499, 20, 43, 160, 1, 1),
(500, 20, 47, 120, 1, 1),
(501, 20, 48, 189, 1, 1),
(502, 20, 44, 129, 1, 1),
(503, 20, 45, 120, 1, 1),
(504, 20, 46, 120, 1, 1),
(629, 17, 1, 189, 1, 1),
(630, 17, 2, 178, 1, 1),
(631, 17, 3, 190, 1, 1),
(632, 17, 4, 167, 1, 1),
(633, 17, 8, 188, 1, 1),
(634, 17, 9, 166, 1, 1),
(635, 17, 10, 155, 1, 1),
(636, 17, 11, 144, 1, 1),
(637, 17, 12, 188, 1, 1),
(638, 17, 13, 199, 1, 1),
(639, 17, 5, 189, 1, 1),
(640, 17, 6, 189, 1, 1),
(641, 17, 14, 167, 1, 1),
(642, 17, 15, 150, 1, 1),
(643, 17, 16, 123, 1, 1),
(644, 17, 17, 109, 1, 1),
(645, 17, 18, 189, 1, 1),
(646, 17, 19, 178, 1, 1),
(647, 17, 7, 123, 1, 1),
(648, 17, 20, 156, 1, 1),
(649, 17, 21, 187, 1, 1),
(650, 17, 22, 178, 1, 1),
(651, 17, 23, 156, 1, 1),
(652, 17, 24, 156, 1, 1),
(653, 17, 25, 190, 1, 1),
(654, 17, 26, 165, 1, 1),
(655, 17, 27, 145, 1, 1),
(656, 17, 28, 123, 1, 1),
(657, 17, 29, 187, 1, 1),
(658, 17, 30, 160, 1, 1),
(659, 17, 31, 156, 1, 1),
(660, 17, 32, 140, 1, 1),
(661, 17, 33, 159, 1, 1),
(662, 17, 34, 140, 1, 1),
(663, 17, 35, 123, 1, 1),
(664, 17, 36, 123, 1, 1),
(665, 17, 37, 189, 1, 1),
(666, 17, 38, 123, 1, 1),
(667, 17, 39, 167, 1, 1),
(668, 17, 40, 109, 1, 1),
(669, 17, 41, 128, 1, 1),
(670, 17, 42, 198, 1, 1),
(671, 17, 43, 120, 1, 1),
(672, 17, 47, 1, 1, 1),
(673, 17, 48, 1, 1, 1),
(674, 17, 44, 190, 1, 1),
(675, 17, 45, 140, 1, 1),
(676, 17, 46, 140, 1, 1),
(677, 16, 1, 90, 1, 1),
(678, 16, 2, 90, 1, 1),
(679, 16, 3, 780, 1, 1),
(680, 16, 4, 89, 1, 1),
(681, 16, 8, 89, 1, 1),
(682, 16, 9, 56, 1, 1),
(683, 16, 10, 78, 1, 1),
(684, 16, 11, 89, 1, 1),
(685, 16, 12, 45, 1, 1),
(686, 16, 13, 45, 1, 1),
(687, 16, 5, 67, 1, 1),
(688, 16, 6, 89, 1, 1),
(689, 16, 14, 45, 1, 1),
(690, 16, 15, 89, 1, 1),
(691, 16, 16, 67, 1, 1),
(692, 16, 17, 78, 1, 1),
(693, 16, 18, 67, 1, 1),
(694, 16, 19, 45, 1, 1),
(695, 16, 7, 78, 1, 1),
(696, 16, 20, 56, 1, 1),
(697, 16, 21, 78, 1, 1),
(698, 16, 22, 45, 1, 1),
(699, 16, 23, 34, 1, 1),
(700, 16, 24, 67, 1, 1),
(701, 16, 25, 98, 1, 1),
(702, 16, 26, 67, 1, 1),
(703, 16, 27, 89, 1, 1),
(704, 16, 28, 56, 1, 1),
(705, 16, 29, 89, 1, 1),
(706, 16, 30, 78, 1, 1),
(707, 16, 31, 54, 1, 1),
(708, 16, 32, 67, 1, 1),
(709, 16, 33, 89, 1, 1),
(710, 16, 34, 67, 1, 1),
(711, 16, 35, 45, 1, 1),
(712, 16, 36, 78, 1, 1),
(713, 16, 37, 56, 1, 1),
(714, 16, 38, 45, 1, 1),
(715, 16, 39, 89, 1, 1),
(716, 16, 40, 78, 1, 1),
(717, 16, 41, 89, 1, 1),
(718, 16, 42, 67, 1, 1),
(719, 16, 43, 78, 1, 1),
(720, 16, 47, 8, 1, 1),
(721, 16, 48, 6, 1, 1),
(722, 16, 44, 89, 1, 1),
(723, 16, 45, 780, 1, 1),
(724, 16, 46, 890, 1, 1),
(785, 22, 1, 6, 1, 1),
(786, 22, 2, 6, 1, 1),
(787, 22, 3, 7, 1, 1),
(788, 22, 44, 7, 1, 1),
(789, 22, 45, 4, 1, 1),
(838, 19, 1, 120, 1, 1),
(839, 19, 2, 130, 1, 1),
(840, 19, 3, 140, 1, 1),
(841, 19, 4, 120, 1, 1),
(842, 19, 8, 130, 1, 1),
(843, 19, 9, 150, 1, 1),
(844, 19, 10, 160, 1, 1),
(845, 19, 11, 170, 1, 1),
(846, 19, 12, 140, 1, 1),
(847, 19, 13, 130, 1, 1),
(848, 19, 5, 167, 1, 1),
(849, 19, 6, 179, 1, 1),
(850, 19, 14, 180, 1, 1),
(851, 19, 15, 130, 1, 1),
(852, 19, 16, 150, 1, 1),
(853, 19, 17, 120, 1, 1),
(854, 19, 18, 150, 1, 1),
(855, 19, 19, 120, 1, 1),
(856, 19, 7, 150, 1, 1),
(857, 19, 20, 130, 1, 1),
(858, 19, 21, 150, 1, 1),
(859, 19, 22, 140, 1, 1),
(860, 19, 23, 130, 1, 1),
(861, 19, 24, 130, 1, 1),
(862, 19, 25, 102, 1, 1),
(863, 19, 26, 104, 1, 1),
(864, 19, 27, 109, 1, 1),
(865, 19, 28, 109, 1, 1),
(866, 19, 29, 109, 1, 1),
(867, 19, 30, 102, 1, 1),
(868, 19, 31, 103, 1, 1),
(869, 19, 32, 105, 1, 1),
(870, 19, 33, 108, 1, 1),
(871, 19, 34, 109, 1, 1),
(872, 19, 35, 110, 1, 1),
(873, 19, 36, 110, 1, 1),
(874, 19, 37, 110, 1, 1),
(875, 19, 38, 110, 1, 1),
(876, 19, 39, 120, 1, 1),
(877, 19, 40, 130, 1, 1),
(878, 19, 41, 190, 1, 1),
(879, 19, 42, 190, 1, 1),
(880, 19, 43, 110, 1, 1),
(881, 19, 47, 102, 1, 1),
(882, 19, 48, 102, 1, 1),
(883, 19, 44, 120, 1, 1),
(884, 19, 45, 130, 1, 1),
(885, 19, 46, 130, 1, 1),
(894, 23, 1, 3, 1, 1),
(895, 23, 2, 4, 1, 1),
(896, 23, 29, 4, 1, 1),
(897, 23, 30, 5, 1, 1),
(910, 24, 1, 3, 1, 1),
(911, 24, 2, 3, 1, 1),
(912, 24, 3, 9, 1, 1),
(913, 24, 4, 3, 1, 1),
(914, 24, 8, 3, 1, 1),
(929, 7, 1, 1, 1, 1),
(930, 7, 2, 1, 1, 1),
(931, 7, 3, 1, 1, 1),
(932, 7, 4, 1, 1, 1),
(933, 7, 8, 1, 1, 1),
(934, 7, 9, 1, 1, 1),
(935, 7, 10, 1, 1, 1),
(936, 7, 11, 1, 1, 1),
(937, 7, 12, 1, 1, 1),
(938, 7, 13, 1, 1, 1),
(939, 7, 5, 1, 1, 1),
(940, 7, 6, 1, 1, 1),
(941, 7, 14, 1, 1, 1),
(942, 7, 15, 1, 1, 1),
(943, 7, 16, 1, 1, 1),
(944, 7, 17, 1, 1, 1),
(945, 7, 18, 1, 1, 1),
(946, 7, 19, 1, 1, 1),
(947, 7, 7, 1, 1, 1),
(948, 7, 20, 1, 1, 1),
(949, 7, 21, 1, 1, 1),
(950, 7, 22, 1, 1, 1),
(951, 7, 23, 1, 1, 1),
(952, 7, 24, 1, 1, 1),
(953, 7, 25, 1, 1, 1),
(954, 7, 26, 1, 1, 1),
(955, 7, 47, 1, 1, 1),
(956, 7, 48, 1, 1, 1),
(957, 7, 44, 1, 1, 1),
(958, 7, 45, 1, 1, 1),
(959, 7, 46, 1, 1, 1),
(960, 12, 1, 450, 1, 1),
(961, 12, 2, 450, 1, 1),
(962, 12, 3, 67, 1, 1),
(963, 12, 4, 87, 1, 1),
(964, 12, 8, 78, 1, 1),
(965, 12, 9, 34, 1, 1),
(966, 12, 10, 89, 1, 1),
(967, 12, 11, 90, 1, 1),
(968, 12, 12, 99, 1, 1),
(969, 12, 13, 67, 1, 1),
(970, 12, 5, 34, 1, 1),
(971, 12, 6, 56, 1, 1),
(972, 12, 14, 76, 1, 1),
(973, 12, 15, 34, 1, 1),
(974, 12, 16, 76, 1, 1),
(975, 12, 17, 89, 1, 1),
(976, 12, 18, 78, 1, 1),
(977, 12, 19, 98, 1, 1),
(978, 12, 7, 89, 1, 1),
(979, 12, 20, 67, 1, 1),
(980, 12, 21, 56, 1, 1),
(981, 12, 22, 78, 1, 1),
(982, 12, 23, 45, 1, 1),
(983, 12, 24, 78, 1, 1),
(984, 12, 25, 45, 1, 1),
(985, 12, 26, 89, 1, 1),
(986, 12, 27, 56, 1, 1),
(987, 12, 28, 76, 1, 1),
(988, 12, 29, 89, 1, 1),
(989, 12, 30, 90, 1, 1),
(990, 12, 31, 77, 1, 1),
(991, 12, 32, 88, 1, 1),
(992, 12, 33, 98, 1, 1),
(993, 12, 34, 56, 1, 1),
(994, 12, 35, 45, 1, 1),
(995, 12, 36, 67, 1, 1),
(996, 12, 37, 89, 1, 1),
(997, 12, 38, 98, 1, 1),
(998, 12, 39, 78, 1, 1),
(999, 12, 40, 67, 1, 1),
(1000, 12, 41, 78, 1, 1),
(1001, 12, 42, 78, 1, 1),
(1002, 12, 43, 98, 1, 1),
(1003, 12, 47, 9, 1, 1),
(1004, 12, 48, 9, 1, 1),
(1005, 12, 44, 89, 1, 1),
(1006, 12, 45, 89, 1, 1),
(1007, 12, 46, 78, 1, 1),
(1008, 15, 1, 45, 1, 1),
(1009, 15, 2, 34, 1, 1),
(1010, 15, 3, 67, 1, 1),
(1011, 15, 4, 78, 1, 1),
(1012, 15, 8, 34, 1, 1),
(1013, 15, 9, 78, 1, 1),
(1014, 15, 10, 34, 1, 1),
(1015, 15, 11, 78, 1, 1),
(1016, 15, 12, 90, 1, 1),
(1017, 15, 13, 34, 1, 1),
(1018, 15, 5, 90, 1, 1),
(1019, 15, 6, 67, 1, 1),
(1020, 15, 14, 89, 1, 1),
(1021, 15, 15, 90, 1, 1),
(1022, 15, 16, 56, 1, 1),
(1023, 15, 17, 89, 1, 1),
(1024, 15, 18, 78, 1, 1),
(1025, 15, 19, 90, 1, 1),
(1026, 15, 7, 90, 1, 1),
(1027, 15, 20, 78, 1, 1),
(1028, 15, 21, 89, 1, 1),
(1029, 15, 22, 90, 1, 1),
(1030, 15, 23, 92, 1, 1),
(1031, 15, 24, 78, 1, 1),
(1032, 15, 25, 89, 1, 1),
(1033, 15, 26, 90, 1, 1),
(1034, 15, 27, 89, 1, 1),
(1035, 15, 28, 89, 1, 1),
(1036, 15, 29, 89, 1, 1),
(1037, 15, 30, 67, 1, 1),
(1038, 15, 31, 89, 1, 1),
(1039, 15, 32, 89, 1, 1),
(1040, 15, 33, 90, 1, 1),
(1041, 15, 34, 77, 1, 1),
(1042, 15, 35, 56, 1, 1),
(1043, 15, 36, 89, 1, 1),
(1044, 15, 37, 67, 1, 1),
(1045, 15, 38, 89, 1, 1),
(1046, 15, 39, 80, 1, 1),
(1047, 15, 40, 45, 1, 1),
(1048, 15, 41, 89, 1, 1),
(1049, 15, 42, 90, 1, 1),
(1050, 15, 43, 78, 1, 1),
(1051, 15, 47, 89, 1, 1),
(1052, 15, 48, 56, 1, 1),
(1053, 15, 44, 89, 1, 1),
(1054, 15, 45, 90, 1, 1),
(1055, 15, 46, 67, 1, 1),
(1056, 21, 1, 10, 1, 1),
(1057, 21, 2, 10, 1, 1),
(1058, 21, 3, 1, 1, 1),
(1059, 21, 4, 4, 1, 1),
(1060, 21, 8, 5, 1, 1),
(1061, 21, 9, 4, 1, 1),
(1062, 21, 10, 67, 1, 1),
(1063, 21, 11, 76, 1, 1),
(1064, 21, 12, 34, 1, 1),
(1065, 21, 13, 23, 1, 1),
(1066, 21, 36, 89, 1, 1),
(1067, 21, 47, 1, 1, 1),
(1068, 21, 48, 1, 1, 1),
(1069, 21, 44, 1, 1, 1),
(1070, 21, 45, 1, 1, 1);

-- --------------------------------------------------------

--
-- Table structure for table `informations`
--

CREATE TABLE IF NOT EXISTS `informations` (
`id` int(25) NOT NULL,
  `electionarea` int(11) NOT NULL,
  `district` varchar(6) NOT NULL,
  `division` varchar(6) NOT NULL,
  `dateinfo` date DEFAULT NULL,
  `datesub` date DEFAULT NULL,
  `status` varchar(25) NOT NULL DEFAULT 'send',
  `user` int(10) DEFAULT NULL,
  `approveuser` int(11) DEFAULT NULL,
  `dateapprove` date DEFAULT NULL,
  `userip` varchar(250) DEFAULT NULL,
  `useragent` varchar(250) DEFAULT NULL,
  `comment` text
) ENGINE=InnoDB AUTO_INCREMENT=25 DEFAULT CHARSET=utf8;

--
-- Dumping data for table `informations`
--

INSERT INTO `informations` (`id`, `electionarea`, `district`, `division`, `dateinfo`, `datesub`, `status`, `user`, `approveuser`, `dateapprove`, `userip`, `useragent`, `comment`) VALUES
(7, 2, '77', '55', '2014-01-01', '2014-08-20', 'back', 5, NULL, NULL, '127.0.0.1', 'Mozilla/5.0 (Windows NT 6.1; WOW64; rv:31.0) Gecko/20100101 Firefox/31.0', 'test'),
(8, 92, '1', '40', '2014-01-01', '2014-09-24', 'send', 5, NULL, NULL, '127.0.0.1', 'Mozilla/5.0 (Windows NT 6.1; WOW64; rv:32.0) Gecko/20100101 Firefox/32.0', ''),
(9, 1, '77', '55', '2013-01-01', '2014-09-24', 'back', 5, NULL, NULL, '127.0.0.1', 'Mozilla/5.0 (Windows NT 6.1; WOW64; rv:32.0) Gecko/20100101 Firefox/32.0', 'ত্রুটি আছে। এত জনন ফগ কলামে ডাতা নাই , আকজফা ফকাস্ফুচ ফুয়া'),
(10, 106, '4', '10', '2013-01-01', '2014-09-25', 'send', 5, NULL, NULL, '127.0.0.1', 'Mozilla/5.0 (Windows NT 6.1; WOW64; rv:32.0) Gecko/20100101 Firefox/32.0', ''),
(11, 135, '39', '30', '2013-01-01', '2014-09-30', 'back', 5, NULL, NULL, '127.0.0.1', 'Mozilla/5.0 (Windows NT 6.1; WOW64; rv:32.0) Gecko/20100101 Firefox/32.0', 'test'),
(12, 136, '39', '30', '2013-01-01', '2014-09-30', 'received', 5, NULL, NULL, '127.0.0.1', 'Mozilla/5.0 (Windows NT 6.1; WOW64; rv:32.0) Gecko/20100101 Firefox/32.0', ''),
(13, 137, '39', '30', '2013-01-01', '2014-09-30', 'back', 5, NULL, NULL, '127.0.0.1', 'Mozilla/5.0 (Windows NT 6.1; WOW64; rv:32.0) Gecko/20100101 Firefox/32.0', 'yes'),
(14, 138, '39', '30', '2013-01-01', '2014-09-30', 'back', 5, NULL, NULL, '127.0.0.1', 'Mozilla/5.0 (Windows NT 6.1; WOW64; rv:32.0) Gecko/20100101 Firefox/32.0', 'll'),
(15, 139, '39', '30', '2013-01-01', '2014-09-30', 'received', 5, NULL, NULL, '127.0.0.1', 'Mozilla/5.0 (Windows NT 6.1; WOW64; rv:32.0) Gecko/20100101 Firefox/32.0', 'ye s sy nfksdoaoi'),
(16, 135, '39', '30', '2014-01-01', '2014-09-30', 'received', 5, NULL, NULL, '127.0.0.1', 'Mozilla/5.0 (Windows NT 6.1; WOW64; rv:32.0) Gecko/20100101 Firefox/32.0', ''),
(17, 136, '39', '30', '2014-01-01', '2014-09-30', 'received', 5, NULL, NULL, '127.0.0.1', 'Mozilla/5.0 (Windows NT 6.1; WOW64; rv:32.0) Gecko/20100101 Firefox/32.0', ''),
(18, 137, '39', '30', '2014-01-01', '2014-09-30', 'send', 5, NULL, NULL, '127.0.0.1', 'Mozilla/5.0 (Windows NT 6.1; WOW64; rv:32.0) Gecko/20100101 Firefox/32.0', ''),
(19, 138, '39', '30', '2014-01-01', '2014-09-30', 'received', 5, NULL, NULL, '127.0.0.1', 'Mozilla/5.0 (Windows NT 6.1; WOW64; rv:32.0) Gecko/20100101 Firefox/32.0', ''),
(20, 139, '39', '30', '2014-01-01', '2014-09-30', 'send', 5, NULL, NULL, '127.0.0.1', 'Mozilla/5.0 (Windows NT 6.1; WOW64; rv:32.0) Gecko/20100101 Firefox/32.0', ''),
(21, 135, '39', '30', '2014-07-01', '2014-10-12', 'send', 14, NULL, NULL, '127.0.0.1', 'Mozilla/5.0 (Windows NT 6.1; WOW64; rv:32.0) Gecko/20100101 Firefox/32.0', ''),
(22, 135, '39', '30', '2014-07-01', '2014-10-12', 'send', 14, NULL, NULL, '127.0.0.1', 'Mozilla/5.0 (Windows NT 6.1; WOW64; rv:32.0) Gecko/20100101 Firefox/32.0', ''),
(23, 135, '39', '30', '2014-07-01', '2014-10-13', 'send', 14, NULL, NULL, '127.0.0.1', 'Mozilla/5.0 (Windows NT 6.1; WOW64; rv:32.0) Gecko/20100101 Firefox/32.0', ''),
(24, 136, '39', '30', '2013-07-01', '2014-10-13', 'send', 14, NULL, NULL, '127.0.0.1', 'Mozilla/5.0 (Windows NT 6.1; WOW64; rv:32.0) Gecko/20100101 Firefox/32.0', '');

-- --------------------------------------------------------

--
-- Table structure for table `password_changes`
--

CREATE TABLE IF NOT EXISTS `password_changes` (
`id` int(10) unsigned NOT NULL,
  `usersId` int(10) unsigned NOT NULL,
  `ipAddress` char(15) NOT NULL,
  `userAgent` varchar(48) NOT NULL,
  `createdAt` int(10) unsigned NOT NULL
) ENGINE=InnoDB AUTO_INCREMENT=2 DEFAULT CHARSET=utf8;

--
-- Dumping data for table `password_changes`
--

INSERT INTO `password_changes` (`id`, `usersId`, `ipAddress`, `userAgent`, `createdAt`) VALUES
(1, 1, '::1', 'Mozilla/5.0 (Windows NT 6.2; WOW64; rv:30.0) Gec', 1405073044);

-- --------------------------------------------------------

--
-- Table structure for table `permissions`
--

CREATE TABLE IF NOT EXISTS `permissions` (
`id` int(10) unsigned NOT NULL,
  `profilesId` int(10) unsigned NOT NULL,
  `resource` varchar(16) NOT NULL,
  `action` varchar(16) NOT NULL
) ENGINE=InnoDB AUTO_INCREMENT=1496 DEFAULT CHARSET=utf8;

--
-- Dumping data for table `permissions`
--

INSERT INTO `permissions` (`id`, `profilesId`, `resource`, `action`) VALUES
(71, 3, 'users', 'index'),
(72, 3, 'users', 'search'),
(73, 3, 'users', 'edit'),
(74, 3, 'users', 'create'),
(75, 3, 'users', 'delete'),
(77, 3, 'profiles', 'index'),
(78, 3, 'profiles', 'search'),
(79, 3, 'profiles', 'edit'),
(80, 3, 'profiles', 'create'),
(81, 3, 'profiles', 'delete'),
(82, 3, 'permissions', 'index'),
(1064, 5, 'users', 'changePassword'),
(1065, 5, 'admindash', 'index'),
(1066, 5, 'admindash', 'view'),
(1067, 5, 'informations', 'getzilla'),
(1068, 5, 'informations', 'getelectionarea'),
(1069, 5, 'reports', 'index'),
(1070, 5, 'reports', 'getreports'),
(1383, 4, 'users', 'changePassword'),
(1384, 4, 'informations', 'index'),
(1385, 4, 'informations', 'create'),
(1386, 4, 'informations', 'edit'),
(1387, 4, 'informations', 'view'),
(1388, 4, 'informations', 'getzilla'),
(1389, 4, 'informations', 'getelectionarea'),
(1390, 4, 'reports', 'index'),
(1391, 4, 'reports', 'getreports'),
(1392, 6, 'informations', 'getzilla'),
(1393, 6, 'informations', 'getelectionarea'),
(1394, 6, 'reports', 'index'),
(1395, 6, 'reports', 'getreports'),
(1396, 1, 'users', 'index'),
(1397, 1, 'users', 'search'),
(1398, 1, 'users', 'edit'),
(1399, 1, 'users', 'create'),
(1400, 1, 'users', 'delete'),
(1401, 1, 'users', 'changePassword'),
(1402, 1, 'profiles', 'index'),
(1403, 1, 'profiles', 'search'),
(1404, 1, 'profiles', 'edit'),
(1405, 1, 'profiles', 'create'),
(1406, 1, 'profiles', 'delete'),
(1407, 1, 'permissions', 'index'),
(1408, 1, 'electionarea', 'index'),
(1409, 1, 'electionarea', 'search'),
(1410, 1, 'electionarea', 'edit'),
(1411, 1, 'electionarea', 'create'),
(1412, 1, 'electionarea', 'delete'),
(1413, 1, 'zilla', 'index'),
(1414, 1, 'zilla', 'search'),
(1415, 1, 'zilla', 'edit'),
(1416, 1, 'zilla', 'create'),
(1417, 1, 'zilla', 'delete'),
(1418, 1, 'division', 'index'),
(1419, 1, 'division', 'search'),
(1420, 1, 'division', 'edit'),
(1421, 1, 'division', 'create'),
(1422, 1, 'division', 'delete'),
(1423, 1, 'units', 'index'),
(1424, 1, 'units', 'search'),
(1425, 1, 'units', 'edit'),
(1426, 1, 'units', 'create'),
(1427, 1, 'units', 'delete'),
(1428, 1, 'domains', 'index'),
(1429, 1, 'domains', 'search'),
(1430, 1, 'domains', 'edit'),
(1431, 1, 'domains', 'create'),
(1432, 1, 'domains', 'delete'),
(1433, 1, 'subdomains', 'index'),
(1434, 1, 'subdomains', 'search'),
(1435, 1, 'subdomains', 'edit'),
(1436, 1, 'subdomains', 'create'),
(1437, 1, 'subdomains', 'delete'),
(1438, 1, 'schedules', 'index'),
(1439, 1, 'schedules', 'search'),
(1440, 1, 'schedules', 'edit'),
(1441, 1, 'schedules', 'create'),
(1442, 1, 'schedules', 'delete'),
(1443, 1, 'admindash', 'index'),
(1444, 1, 'admindash', 'view'),
(1445, 1, 'informations', 'getzilla'),
(1446, 1, 'informations', 'getelectionarea'),
(1447, 1, 'reports', 'index'),
(1448, 1, 'reports', 'getreports'),
(1449, 1, 'inforeceive', 'index'),
(1450, 1, 'inforeceive', 'view'),
(1451, 1, 'inforeceive', 'edit'),
(1452, 1, 'inforeceive', 'recorrej'),
(1453, 1, 'inforeceive', 'infoback'),
(1454, 1, 'inforeceive', 'inforeceived'),
(1455, 1, 'inforeceive', 'getrecinfo'),
(1456, 1, 'analysis', 'index'),
(1457, 1, 'analysis', 'getreports'),
(1458, 2, 'users', 'index'),
(1459, 2, 'users', 'search'),
(1460, 2, 'users', 'changePassword'),
(1461, 2, 'units', 'index'),
(1462, 2, 'units', 'search'),
(1463, 2, 'units', 'edit'),
(1464, 2, 'units', 'create'),
(1465, 2, 'units', 'delete'),
(1466, 2, 'domains', 'index'),
(1467, 2, 'domains', 'search'),
(1468, 2, 'domains', 'edit'),
(1469, 2, 'domains', 'create'),
(1470, 2, 'domains', 'delete'),
(1471, 2, 'subdomains', 'index'),
(1472, 2, 'subdomains', 'search'),
(1473, 2, 'subdomains', 'edit'),
(1474, 2, 'subdomains', 'create'),
(1475, 2, 'subdomains', 'delete'),
(1476, 2, 'schedules', 'index'),
(1477, 2, 'schedules', 'search'),
(1478, 2, 'schedules', 'edit'),
(1479, 2, 'schedules', 'create'),
(1480, 2, 'schedules', 'delete'),
(1481, 2, 'admindash', 'index'),
(1482, 2, 'admindash', 'view'),
(1483, 2, 'informations', 'getzilla'),
(1484, 2, 'informations', 'getelectionarea'),
(1485, 2, 'reports', 'index'),
(1486, 2, 'reports', 'getreports'),
(1487, 2, 'inforeceive', 'index'),
(1488, 2, 'inforeceive', 'view'),
(1489, 2, 'inforeceive', 'edit'),
(1490, 2, 'inforeceive', 'recorrej'),
(1491, 2, 'inforeceive', 'infoback'),
(1492, 2, 'inforeceive', 'inforeceived'),
(1493, 2, 'inforeceive', 'getrecinfo'),
(1494, 2, 'analysis', 'index'),
(1495, 2, 'analysis', 'getreports');

-- --------------------------------------------------------

--
-- Table structure for table `profiles`
--

CREATE TABLE IF NOT EXISTS `profiles` (
`id` int(10) unsigned NOT NULL,
  `name` varchar(64) NOT NULL,
  `active` char(1) NOT NULL
) ENGINE=InnoDB AUTO_INCREMENT=7 DEFAULT CHARSET=utf8;

--
-- Dumping data for table `profiles`
--

INSERT INTO `profiles` (`id`, `name`, `active`) VALUES
(1, 'Administrator', 'Y'),
(2, 'Monitor', 'Y'),
(4, 'জেলা প্রশাসক', 'Y'),
(5, 'বিভাগীয় কমিশনার', 'Y'),
(6, 'সংসদ সদস্য', 'Y');

-- --------------------------------------------------------

--
-- Table structure for table `remember_tokens`
--

CREATE TABLE IF NOT EXISTS `remember_tokens` (
`id` int(10) unsigned NOT NULL,
  `usersId` int(10) unsigned NOT NULL,
  `token` char(32) NOT NULL,
  `userAgent` varchar(120) NOT NULL,
  `createdAt` int(10) unsigned NOT NULL
) ENGINE=InnoDB AUTO_INCREMENT=4 DEFAULT CHARSET=utf8;

--
-- Dumping data for table `remember_tokens`
--

INSERT INTO `remember_tokens` (`id`, `usersId`, `token`, `userAgent`, `createdAt`) VALUES
(1, 1, '62338384c25cb1a14fc692614a389940', 'Mozilla/5.0 (Windows NT 6.2; WOW64; rv:30.0) Gecko/20100101 Firefox/30.0', 1405072675),
(2, 5, '7578b04703c3d7cdbc8f3c6c9598b2a4', 'Mozilla/5.0 (Windows NT 6.1; WOW64; rv:31.0) Gecko/20100101 Firefox/31.0', 1409587903),
(3, 5, 'bc5d49a82f867d211e0e52ba1db4520d', 'Mozilla/5.0 (Windows NT 6.1; WOW64; rv:32.0) Gecko/20100101 Firefox/32.0', 1411639206);

-- --------------------------------------------------------

--
-- Table structure for table `reset_passwords`
--

CREATE TABLE IF NOT EXISTS `reset_passwords` (
`id` int(10) unsigned NOT NULL,
  `usersId` int(10) unsigned NOT NULL,
  `code` varchar(48) NOT NULL,
  `createdAt` int(10) unsigned NOT NULL,
  `modifiedAt` int(10) unsigned DEFAULT NULL,
  `reset` char(1) NOT NULL
) ENGINE=InnoDB AUTO_INCREMENT=2 DEFAULT CHARSET=utf8;

--
-- Dumping data for table `reset_passwords`
--

INSERT INTO `reset_passwords` (`id`, `usersId`, `code`, `createdAt`, `modifiedAt`, `reset`) VALUES
(1, 5, 'N4NjAg097aJNkffa7x1zULVhyQP1btp2', 1412751406, NULL, 'N');

-- --------------------------------------------------------

--
-- Table structure for table `schedules`
--

CREATE TABLE IF NOT EXISTS `schedules` (
`id` int(11) NOT NULL,
  `sdate` date DEFAULT NULL,
  `active` tinyint(1) DEFAULT '0'
) ENGINE=InnoDB AUTO_INCREMENT=6 DEFAULT CHARSET=utf8;

--
-- Dumping data for table `schedules`
--

INSERT INTO `schedules` (`id`, `sdate`, `active`) VALUES
(1, '2013-01-01', 1),
(2, '2013-07-01', 1),
(3, '2014-01-01', 1),
(4, '2014-07-01', 1),
(5, '2015-01-01', 0);

-- --------------------------------------------------------

--
-- Table structure for table `subdomains`
--

CREATE TABLE IF NOT EXISTS `subdomains` (
`id` int(11) NOT NULL,
  `title` varchar(1000) NOT NULL,
  `domain_id` int(11) NOT NULL,
  `active` tinyint(4) NOT NULL DEFAULT '1',
  `weight` int(4) DEFAULT NULL,
  `unit_id` int(15) DEFAULT NULL,
  `created` date DEFAULT NULL,
  `lastmodified` date DEFAULT NULL,
  `createdby` varchar(250) DEFAULT NULL,
  `lastmodifiedby` varchar(250) DEFAULT NULL
) ENGINE=InnoDB AUTO_INCREMENT=49 DEFAULT CHARSET=utf8;

--
-- Dumping data for table `subdomains`
--

INSERT INTO `subdomains` (`id`, `title`, `domain_id`, `active`, `weight`, `unit_id`, `created`, `lastmodified`, `createdby`, `lastmodifiedby`) VALUES
(1, 'মাল্টিমিডিয়া ক্লাস রুম সংখ্যা', 1, 1, 6, 1, '2014-07-28', '2014-08-06', '5', NULL),
(2, 'প্রাথমিক/মাধ্যমিক/উচ্চ মাধ্যমিক বিদ্যালয়ের জাতীয়করণ', 1, 1, 1, 1, '2014-08-06', '2014-08-06', NULL, NULL),
(3, 'বিনামূল্যে পাঠ্যপুস্তক সরবরাহ', 1, 1, 2, 1, '2014-08-06', '2014-08-06', NULL, NULL),
(4, 'school feeding', 1, 1, 3, 1, '2014-08-06', '2014-08-06', NULL, NULL),
(5, 'কমিউনিটি ক্লিনিক', 2, 1, 1, 1, '2014-08-06', '2014-08-06', NULL, NULL),
(6, 'স্বাস্থ্য কমপ্লেক্স', 2, 1, 2, 1, '2014-08-06', '2014-08-06', NULL, NULL),
(7, 'সার ও কৃষি উপকরণ বিতরণ', 3, 1, 2, 1, '2014-08-06', '2014-08-06', NULL, NULL),
(8, 'উপবৃত্তি প্রদান - (প্রাথমিক/মাধ্যমিক/উচ্চ মাধ্যমিক)', 1, 1, 3, 1, '2014-09-02', '2014-09-02', '5', '5'),
(9, 'শিক্ষা প্রতিষ্ঠান নির্মান/মেরামত (প্রাথমিক/ মাধ্যমিক/ উচ্চ মাধ্যমিক)', 1, 1, 5, 1, '2014-09-03', '2014-09-03', '6', '6'),
(10, 'Computer Lab স্থাপন', 1, 1, 7, 1, '2014-09-03', '2014-09-03', '6', '6'),
(11, 'শিক্ষকদের চাকুরি জাতীয়করণ', 1, 1, 9, 1, '2014-09-03', '2014-09-03', '6', '6'),
(12, 'শিক্ষকদের নতুন পদ সৃষ্টি', 1, 1, 9, 1, '2014-09-03', '2014-09-03', '6', '6'),
(13, 'প্রাথমিক বিদ্যালয়ে শিশু নিবন্ধন', 1, 1, 10, 1, '2014-09-03', '2014-09-03', '6', '6'),
(14, 'এ্যাম্বুলেন্স / এক্স-রে মেশিন', 2, 1, 3, 1, '2014-09-03', '2014-09-03', '6', '6'),
(15, 'টিকাদানের সংখ্যা', 2, 1, 4, 1, '2014-09-03', '2014-09-03', '6', '6'),
(16, 'নতুন হাসপাতাল/ বিশেষায়িত হাসপাতাল', 2, 1, 5, 1, '2014-09-03', '2014-09-03', '6', '6'),
(17, 'নতুন মেডিকেল কলেজ নির্মাণ/ স্থাপন', 2, 1, 6, 1, '2014-09-10', '2014-09-10', '8', '8'),
(18, 'হাসপাতালের শয্যা সংখ্যা', 2, 1, 7, 1, '2014-09-10', '2014-09-10', '8', '8'),
(19, 'ইউনিয়ন উপ-স্বাস্থ্যকেন্দ্র স্থাপন', 2, 1, 8, 1, '2014-09-10', '2014-09-10', '8', '8'),
(20, 'ফেয়ার প্রাইস কার্ড বিতরণ (সরাসরি ব্যাংকে একাউন্ট খোলা)', 3, 1, 1, 1, '2014-09-10', '2014-09-10', '8', '8'),
(21, 'কৃষিতে ভর্তুকি ও ঋণদান', 3, 1, 3, 1, '2014-09-10', '2014-09-10', '8', '8'),
(22, 'নতুন ফসলের জাত উদ্ভাবন', 3, 1, 4, 1, '2014-09-10', '2014-09-10', '8', '8'),
(23, 'সৌরশক্তি চালিত সেচ পাম্প ব্যাবহার', 3, 1, 5, 1, '2014-09-10', '2014-09-10', '8', '8'),
(24, 'খাল পুনঃখনন', 3, 1, 6, 1, '2014-09-10', '2014-09-10', '8', '8'),
(25, 'সেচ নালা নির্মাণ ', 3, 1, 7, 1, '2014-09-10', '2014-09-10', '8', '8'),
(26, 'রাবার ড্যাম নির্মাণ', 3, 1, 8, 1, '2014-09-10', '2014-09-10', '8', '8'),
(27, 'অভ্যন্তরিনভাবে খাদ্য সংগ্রহ', 4, 1, 1, 1, '2014-09-10', '2014-09-10', '8', '8'),
(28, 'খাদ্য গুদাম', 4, 1, 2, 1, '2014-09-10', '2014-09-10', '8', '8'),
(29, 'আশ্রায়ন প্রকল্প', 5, 1, 1, 1, '2014-09-10', '2014-09-10', '8', '8'),
(30, 'একটি বাড়ি একটি খামার', 5, 1, 2, 1, '2014-09-10', '2014-09-10', '8', '8'),
(31, 'দুঃস্থ ও অসহায় মহিলাদের উন্নয়ন', 5, 1, 3, 1, '2014-09-10', '2014-09-10', '8', '8'),
(32, 'বয়স্ক ভাতা/ মুক্তিযোদ্ধা ভাতা/ প্রতিবন্ধী ভাতা/ বিধবা ভাতা/ মাতৃতকালীন ভাতা ইত্যাদি', 5, 1, 4, 3, '2014-09-10', '2014-09-10', '8', '8'),
(33, 'ন্যাশনাল সার্ভিস চালু/মঙ্গা মুক্তকরন', 5, 1, 5, 1, '2014-09-10', '2014-09-10', '8', '8'),
(34, 'ভিজিএফ/ভিজিডি ইত্যাদি', 5, 1, 6, 3, '2014-09-10', '2014-09-10', '8', '8'),
(35, 'গুচ্ছ গ্রাম প্রকল্প', 5, 1, 7, 1, '2014-09-10', '2014-09-10', '8', '8'),
(36, 'গ্রাম পর্যন্ত সড়ক নেটওয়ার্ক(এলজিইডি কর্তৃক নির্মিত রাস্তা)', 6, 1, 1, 5, '2014-09-10', '2014-09-10', '8', '8'),
(37, 'সওজ কর্তৃক নির্মিত রাস্তা', 6, 1, 2, 5, '2014-09-10', '2014-09-10', '8', '8'),
(38, 'রেল যোগাযোগ', 6, 1, 3, 5, '2014-09-10', '2014-09-10', '8', '8'),
(39, 'জেলা পরিষদ কর্তৃক নির্মিত গ্রামীণ রাস্তা', 6, 1, 4, 5, '2014-09-10', '2014-09-10', '8', '8'),
(40, 'জেলা পরিষদ কর্তৃক নির্মিত গ্রামীণ রাস্তা', 6, 1, 4, 5, '2014-09-10', '2014-09-10', '8', '8'),
(41, 'জেলার চাহিদা ও সরবরাহ', 7, 1, 1, 9, '2014-09-10', '2014-09-10', '8', '8'),
(42, 'বিদ্যুৎ সংযোগ (কিলোমিটার)', 7, 1, 2, 5, '2014-09-10', '2014-09-10', '8', '8'),
(43, 'বিদ্যুৎ গ্রাহক/ ভোক্তার সংখ্যা', 7, 1, 3, 3, '2014-09-10', '2014-09-10', '8', '8'),
(44, 'নদী ড্রেসিং/খনন(দৈর্ঘ্য/ঘনমিটার)', 9, 1, 1, 5, '2014-09-10', '2014-09-10', '8', '8'),
(45, 'সেচ (সেচ সুবিধাপ্রাপ্ত জমির পরিমাণ)', 9, 1, 2, 7, '2014-09-10', '2014-09-10', '8', '8'),
(46, 'নদী তীর সংরক্ষণ', 9, 1, 3, 5, '2014-09-10', '2014-09-10', '8', '8'),
(47, 'ইউনিয়ন তথ্য ও সেবা কেন্দ্র', 8, 1, 1, 1, '2014-09-29', '2014-09-29', '5', '5'),
(48, 'জেলা তথ্য বাতায়ন ও সেবা সমূহ', 8, 1, 2, 1, '2014-09-29', '2014-09-29', '5', '5');

-- --------------------------------------------------------

--
-- Table structure for table `success_logins`
--

CREATE TABLE IF NOT EXISTS `success_logins` (
`id` int(10) unsigned NOT NULL,
  `usersId` int(10) unsigned NOT NULL,
  `ipAddress` char(15) NOT NULL,
  `userAgent` varchar(120) NOT NULL
) ENGINE=InnoDB AUTO_INCREMENT=521 DEFAULT CHARSET=utf8;

--
-- Dumping data for table `success_logins`
--

INSERT INTO `success_logins` (`id`, `usersId`, `ipAddress`, `userAgent`) VALUES
(1, 1, '::1', 'Mozilla/5.0 (Windows NT 6.2; WOW64; rv:30.0) Gecko/20100101 Firefox/30.0'),
(2, 1, '::1', 'Mozilla/5.0 (Windows NT 6.2; WOW64; rv:30.0) Gecko/20100101 Firefox/30.0'),
(3, 1, '::1', 'Mozilla/5.0 (Windows NT 6.2; WOW64; rv:30.0) Gecko/20100101 Firefox/30.0'),
(4, 1, '::1', 'Mozilla/5.0 (Windows NT 6.2; WOW64; rv:30.0) Gecko/20100101 Firefox/30.0'),
(5, 1, '::1', 'Mozilla/5.0 (Windows NT 6.2; WOW64; rv:30.0) Gecko/20100101 Firefox/30.0'),
(6, 1, '::1', 'Mozilla/5.0 (Windows NT 6.2; WOW64; rv:30.0) Gecko/20100101 Firefox/30.0'),
(7, 1, '::1', 'Mozilla/5.0 (Windows NT 6.2; WOW64; rv:30.0) Gecko/20100101 Firefox/30.0'),
(8, 1, '::1', 'Mozilla/5.0 (Windows NT 6.2; WOW64; rv:30.0) Gecko/20100101 Firefox/30.0'),
(9, 1, '::1', 'Mozilla/5.0 (Windows NT 6.2; WOW64; rv:30.0) Gecko/20100101 Firefox/30.0'),
(10, 1, '127.0.0.1', 'Mozilla/5.0 (Windows NT 6.2; WOW64; rv:30.0) Gecko/20100101 Firefox/30.0'),
(11, 1, '127.0.0.1', 'Mozilla/5.0 (Windows NT 6.2; WOW64; rv:30.0) Gecko/20100101 Firefox/30.0'),
(12, 1, '127.0.0.1', 'Mozilla/5.0 (Windows NT 6.1; WOW64; rv:30.0) Gecko/20100101 Firefox/30.0'),
(13, 1, '127.0.0.1', 'Mozilla/5.0 (Windows NT 6.1; WOW64; rv:30.0) Gecko/20100101 Firefox/30.0'),
(14, 1, '127.0.0.1', 'Mozilla/5.0 (Windows NT 6.1; WOW64; rv:30.0) Gecko/20100101 Firefox/30.0'),
(15, 1, '127.0.0.1', 'Mozilla/5.0 (Windows NT 6.1; WOW64; rv:30.0) Gecko/20100101 Firefox/30.0'),
(16, 1, '127.0.0.1', 'Mozilla/5.0 (Windows NT 6.1; WOW64; rv:30.0) Gecko/20100101 Firefox/30.0'),
(17, 1, '127.0.0.1', 'Mozilla/5.0 (Windows NT 6.1; WOW64; rv:30.0) Gecko/20100101 Firefox/30.0'),
(18, 1, '127.0.0.1', 'Mozilla/5.0 (Windows NT 6.1; WOW64; rv:30.0) Gecko/20100101 Firefox/30.0'),
(19, 1, '127.0.0.1', 'Mozilla/5.0 (Windows NT 6.1; WOW64; rv:30.0) Gecko/20100101 Firefox/30.0'),
(20, 5, '127.0.0.1', 'Mozilla/5.0 (Windows NT 6.1; WOW64; rv:30.0) Gecko/20100101 Firefox/30.0'),
(21, 5, '127.0.0.1', 'Mozilla/5.0 (Windows NT 6.1; WOW64; rv:30.0) Gecko/20100101 Firefox/30.0'),
(22, 5, '127.0.0.1', 'Mozilla/5.0 (Windows NT 6.1; WOW64; rv:30.0) Gecko/20100101 Firefox/30.0'),
(23, 6, '127.0.0.1', 'Mozilla/5.0 (Windows NT 6.1; WOW64; rv:30.0) Gecko/20100101 Firefox/30.0'),
(24, 5, '127.0.0.1', 'Mozilla/5.0 (Windows NT 6.1; WOW64; rv:30.0) Gecko/20100101 Firefox/30.0'),
(25, 1, '127.0.0.1', 'Mozilla/5.0 (Windows NT 6.1; WOW64; rv:30.0) Gecko/20100101 Firefox/30.0'),
(26, 5, '127.0.0.1', 'Mozilla/5.0 (Windows NT 6.1; WOW64; rv:30.0) Gecko/20100101 Firefox/30.0'),
(27, 5, '127.0.0.1', 'Mozilla/5.0 (Windows NT 6.1; WOW64; rv:31.0) Gecko/20100101 Firefox/31.0'),
(28, 5, '127.0.0.1', 'Mozilla/5.0 (Windows NT 6.1; WOW64; rv:31.0) Gecko/20100101 Firefox/31.0'),
(29, 5, '127.0.0.1', 'Mozilla/5.0 (Windows NT 6.1; WOW64; rv:31.0) Gecko/20100101 Firefox/31.0'),
(30, 5, '127.0.0.1', 'Mozilla/5.0 (Windows NT 6.1; WOW64; rv:31.0) Gecko/20100101 Firefox/31.0'),
(31, 5, '127.0.0.1', 'Mozilla/5.0 (Windows NT 6.1; WOW64) AppleWebKit/537.36 (KHTML, like Gecko) Chrome/36.0.1985.125 Safari/537.36'),
(32, 5, '127.0.0.1', 'Mozilla/5.0 (Windows NT 6.1; WOW64; rv:31.0) Gecko/20100101 Firefox/31.0'),
(33, 5, '127.0.0.1', 'Mozilla/5.0 (Windows NT 6.1; WOW64; rv:31.0) Gecko/20100101 Firefox/31.0'),
(34, 5, '127.0.0.1', 'Mozilla/5.0 (Windows NT 6.1; WOW64) AppleWebKit/537.36 (KHTML, like Gecko) Chrome/36.0.1985.143 Safari/537.36'),
(35, 6, '127.0.0.1', 'Mozilla/5.0 (Windows NT 6.1; WOW64; rv:31.0) Gecko/20100101 Firefox/31.0'),
(36, 5, '127.0.0.1', 'Mozilla/5.0 (Windows NT 6.1; WOW64; rv:31.0) Gecko/20100101 Firefox/31.0'),
(37, 5, '127.0.0.1', 'Mozilla/5.0 (Windows NT 6.1; WOW64; rv:31.0) Gecko/20100101 Firefox/31.0'),
(38, 5, '127.0.0.1', 'Mozilla/5.0 (Windows NT 6.1; WOW64; rv:31.0) Gecko/20100101 Firefox/31.0'),
(39, 5, '127.0.0.1', 'Mozilla/5.0 (Windows NT 6.1; WOW64; rv:31.0) Gecko/20100101 Firefox/31.0'),
(40, 5, '127.0.0.1', 'Mozilla/5.0 (Windows NT 6.1; WOW64; rv:31.0) Gecko/20100101 Firefox/31.0'),
(41, 5, '127.0.0.1', 'Mozilla/5.0 (Windows NT 6.1; WOW64; rv:31.0) Gecko/20100101 Firefox/31.0'),
(42, 5, '127.0.0.1', 'Mozilla/5.0 (Windows NT 6.1; WOW64; rv:31.0) Gecko/20100101 Firefox/31.0'),
(43, 5, '127.0.0.1', 'Mozilla/5.0 (Windows NT 6.1; WOW64; rv:31.0) Gecko/20100101 Firefox/31.0'),
(44, 5, '127.0.0.1', 'Mozilla/5.0 (Windows NT 6.1; WOW64; rv:31.0) Gecko/20100101 Firefox/31.0'),
(45, 5, '127.0.0.1', 'Mozilla/5.0 (Windows NT 6.1; WOW64; rv:31.0) Gecko/20100101 Firefox/31.0'),
(46, 5, '127.0.0.1', 'Mozilla/5.0 (Windows NT 6.1; WOW64; rv:31.0) Gecko/20100101 Firefox/31.0'),
(47, 5, '127.0.0.1', 'Mozilla/5.0 (Windows NT 6.1; WOW64; rv:31.0) Gecko/20100101 Firefox/31.0'),
(48, 6, '127.0.0.1', 'Mozilla/5.0 (Windows NT 6.1; WOW64; rv:31.0) Gecko/20100101 Firefox/31.0'),
(49, 7, '192.168.1.114', 'Mozilla/5.0 (Windows NT 6.1; WOW64; rv:31.0) Gecko/20100101 Firefox/31.0'),
(50, 7, '192.168.1.114', 'Mozilla/5.0 (Windows NT 6.1; WOW64; rv:31.0) Gecko/20100101 Firefox/31.0'),
(51, 7, '192.168.1.114', 'Mozilla/5.0 (Windows NT 6.1; WOW64; rv:31.0) Gecko/20100101 Firefox/31.0'),
(52, 5, '127.0.0.1', 'Mozilla/5.0 (Windows NT 6.1; WOW64; rv:31.0) Gecko/20100101 Firefox/31.0'),
(53, 5, '127.0.0.1', 'Mozilla/5.0 (Windows NT 6.1; WOW64; rv:31.0) Gecko/20100101 Firefox/31.0'),
(54, 5, '127.0.0.1', 'Mozilla/5.0 (Windows NT 6.1; WOW64; rv:31.0) Gecko/20100101 Firefox/31.0'),
(55, 5, '127.0.0.1', 'Mozilla/5.0 (Windows NT 6.1; WOW64; Trident/7.0; rv:11.0) like Gecko'),
(56, 5, '127.0.0.1', 'Mozilla/5.0 (Windows NT 6.1; WOW64; rv:31.0) Gecko/20100101 Firefox/31.0'),
(57, 5, '192.168.1.113', 'Mozilla/5.0 (Windows NT 6.1; WOW64; rv:31.0) Gecko/20100101 Firefox/31.0'),
(58, 8, '192.168.1.113', 'Mozilla/5.0 (Windows NT 6.1; WOW64; rv:31.0) Gecko/20100101 Firefox/31.0'),
(59, 8, '127.0.0.1', 'Mozilla/5.0 (Windows NT 6.1; WOW64; rv:31.0) Gecko/20100101 Firefox/31.0'),
(60, 8, '127.0.0.1', 'Mozilla/5.0 (Windows NT 6.1; WOW64; rv:31.0) Gecko/20100101 Firefox/31.0'),
(61, 8, '127.0.0.1', 'Mozilla/5.0 (Windows NT 6.1; WOW64; rv:31.0) Gecko/20100101 Firefox/31.0'),
(62, 5, '127.0.0.1', 'Mozilla/5.0 (Windows NT 6.1; WOW64; rv:31.0) Gecko/20100101 Firefox/31.0'),
(63, 5, '127.0.0.1', 'Mozilla/5.0 (Windows NT 6.1; WOW64; rv:31.0) Gecko/20100101 Firefox/31.0'),
(64, 5, '127.0.0.1', 'Mozilla/5.0 (Windows NT 6.1; WOW64; rv:31.0) Gecko/20100101 Firefox/31.0'),
(65, 5, '127.0.0.1', 'Mozilla/5.0 (Windows NT 6.1; WOW64; rv:31.0) Gecko/20100101 Firefox/31.0'),
(66, 5, '127.0.0.1', 'Mozilla/5.0 (Windows NT 6.1; WOW64; rv:31.0) Gecko/20100101 Firefox/31.0'),
(67, 5, '127.0.0.1', 'Mozilla/5.0 (Windows NT 6.1; WOW64; rv:32.0) Gecko/20100101 Firefox/32.0'),
(68, 5, '127.0.0.1', 'Mozilla/5.0 (Windows NT 6.1; WOW64; rv:32.0) Gecko/20100101 Firefox/32.0'),
(69, 5, '127.0.0.1', 'Mozilla/5.0 (Windows NT 6.1; WOW64; rv:32.0) Gecko/20100101 Firefox/32.0'),
(70, 5, '127.0.0.1', 'Mozilla/5.0 (Windows NT 6.1; WOW64; rv:32.0) Gecko/20100101 Firefox/32.0'),
(71, 5, '127.0.0.1', 'Mozilla/5.0 (Windows NT 6.1; WOW64; rv:32.0) Gecko/20100101 Firefox/32.0'),
(72, 5, '127.0.0.1', 'Mozilla/5.0 (Windows NT 6.1; WOW64; rv:32.0) Gecko/20100101 Firefox/32.0'),
(73, 5, '127.0.0.1', 'Mozilla/5.0 (Windows NT 6.1; WOW64; rv:32.0) Gecko/20100101 Firefox/32.0'),
(74, 5, '127.0.0.1', 'Mozilla/5.0 (Windows NT 6.1; WOW64; rv:32.0) Gecko/20100101 Firefox/32.0'),
(75, 5, '127.0.0.1', 'Mozilla/5.0 (Windows NT 6.1; WOW64; rv:32.0) Gecko/20100101 Firefox/32.0'),
(76, 5, '127.0.0.1', 'Mozilla/5.0 (Windows NT 6.1; WOW64; rv:32.0) Gecko/20100101 Firefox/32.0'),
(77, 5, '127.0.0.1', 'Mozilla/5.0 (Windows NT 6.1; WOW64; rv:32.0) Gecko/20100101 Firefox/32.0'),
(78, 5, '127.0.0.1', 'Mozilla/5.0 (Windows NT 6.1; WOW64; rv:32.0) Gecko/20100101 Firefox/32.0'),
(79, 5, '127.0.0.1', 'Mozilla/5.0 (Windows NT 6.1; WOW64) AppleWebKit/537.36 (KHTML, like Gecko) Chrome/37.0.2062.124 Safari/537.36'),
(80, 5, '127.0.0.1', 'Mozilla/5.0 (Windows NT 6.1; WOW64; rv:32.0) Gecko/20100101 Firefox/32.0'),
(81, 5, '127.0.0.1', 'Mozilla/5.0 (Windows NT 6.1; WOW64; rv:32.0) Gecko/20100101 Firefox/32.0'),
(82, 5, '127.0.0.1', 'Mozilla/5.0 (Windows NT 6.1; WOW64; rv:32.0) Gecko/20100101 Firefox/32.0'),
(83, 5, '127.0.0.1', 'Mozilla/5.0 (Windows NT 6.1; WOW64; rv:32.0) Gecko/20100101 Firefox/32.0'),
(84, 5, '127.0.0.1', 'Mozilla/5.0 (Windows NT 6.1; WOW64; rv:32.0) Gecko/20100101 Firefox/32.0'),
(85, 5, '127.0.0.1', 'Mozilla/5.0 (Windows NT 6.1; WOW64; rv:32.0) Gecko/20100101 Firefox/32.0'),
(86, 5, '127.0.0.1', 'Mozilla/5.0 (Windows NT 6.1; WOW64) AppleWebKit/537.36 (KHTML, like Gecko) Chrome/37.0.2062.124 Safari/537.36'),
(87, 5, '127.0.0.1', 'Mozilla/5.0 (Windows NT 6.1; WOW64) AppleWebKit/537.36 (KHTML, like Gecko) Chrome/37.0.2062.124 Safari/537.36'),
(88, 5, '127.0.0.1', 'Mozilla/5.0 (Windows NT 6.1; WOW64) AppleWebKit/537.36 (KHTML, like Gecko) Chrome/37.0.2062.124 Safari/537.36'),
(89, 5, '127.0.0.1', 'Mozilla/5.0 (Windows NT 6.1; WOW64; rv:32.0) Gecko/20100101 Firefox/32.0'),
(90, 5, '127.0.0.1', 'Mozilla/5.0 (Windows NT 6.1; WOW64) AppleWebKit/537.36 (KHTML, like Gecko) Chrome/37.0.2062.124 Safari/537.36'),
(91, 5, '127.0.0.1', 'Mozilla/5.0 (Windows NT 6.1; WOW64) AppleWebKit/537.36 (KHTML, like Gecko) Chrome/37.0.2062.124 Safari/537.36'),
(92, 5, '127.0.0.1', 'Mozilla/5.0 (Windows NT 6.1; WOW64) AppleWebKit/537.36 (KHTML, like Gecko) Chrome/37.0.2062.124 Safari/537.36'),
(93, 5, '127.0.0.1', 'Mozilla/5.0 (Windows NT 6.1; WOW64) AppleWebKit/537.36 (KHTML, like Gecko) Chrome/37.0.2062.124 Safari/537.36'),
(94, 5, '127.0.0.1', 'Mozilla/5.0 (Windows NT 6.1; WOW64) AppleWebKit/537.36 (KHTML, like Gecko) Chrome/37.0.2062.124 Safari/537.36'),
(95, 5, '127.0.0.1', 'Mozilla/5.0 (Windows NT 6.1; WOW64) AppleWebKit/537.36 (KHTML, like Gecko) Chrome/37.0.2062.124 Safari/537.36'),
(96, 5, '127.0.0.1', 'Mozilla/5.0 (Windows NT 6.1; WOW64) AppleWebKit/537.36 (KHTML, like Gecko) Chrome/37.0.2062.124 Safari/537.36'),
(97, 5, '127.0.0.1', 'Mozilla/5.0 (Windows NT 6.1; WOW64; rv:32.0) Gecko/20100101 Firefox/32.0'),
(98, 5, '127.0.0.1', 'Mozilla/5.0 (Windows NT 6.1; WOW64; rv:32.0) Gecko/20100101 Firefox/32.0'),
(99, 5, '127.0.0.1', 'Mozilla/5.0 (Windows NT 6.1; WOW64) AppleWebKit/537.36 (KHTML, like Gecko) Chrome/37.0.2062.124 Safari/537.36'),
(100, 5, '127.0.0.1', 'Mozilla/5.0 (Windows NT 6.1; WOW64; rv:32.0) Gecko/20100101 Firefox/32.0'),
(101, 5, '127.0.0.1', 'Mozilla/5.0 (Windows NT 6.1; WOW64; rv:32.0) Gecko/20100101 Firefox/32.0'),
(102, 5, '127.0.0.1', 'Mozilla/5.0 (Windows NT 6.1; WOW64; rv:32.0) Gecko/20100101 Firefox/32.0'),
(103, 5, '127.0.0.1', 'Mozilla/5.0 (Windows NT 6.1; WOW64; rv:32.0) Gecko/20100101 Firefox/32.0'),
(104, 5, '127.0.0.1', 'Mozilla/5.0 (Windows NT 6.1; WOW64; rv:32.0) Gecko/20100101 Firefox/32.0'),
(105, 5, '127.0.0.1', 'Mozilla/5.0 (Windows NT 6.1; WOW64; rv:32.0) Gecko/20100101 Firefox/32.0'),
(106, 5, '127.0.0.1', 'Mozilla/5.0 (Windows NT 6.1; WOW64; rv:32.0) Gecko/20100101 Firefox/32.0'),
(107, 5, '127.0.0.1', 'Mozilla/5.0 (Windows NT 6.1; WOW64; rv:32.0) Gecko/20100101 Firefox/32.0'),
(108, 5, '127.0.0.1', 'Mozilla/5.0 (Windows NT 6.1; WOW64; rv:32.0) Gecko/20100101 Firefox/32.0'),
(109, 5, '127.0.0.1', 'Mozilla/5.0 (Windows NT 6.1; WOW64; rv:32.0) Gecko/20100101 Firefox/32.0'),
(110, 5, '127.0.0.1', 'Mozilla/5.0 (Windows NT 6.1; WOW64; rv:32.0) Gecko/20100101 Firefox/32.0'),
(111, 5, '127.0.0.1', 'Mozilla/5.0 (Windows NT 6.1; WOW64; rv:32.0) Gecko/20100101 Firefox/32.0'),
(112, 5, '127.0.0.1', 'Mozilla/5.0 (Windows NT 6.1; WOW64; rv:32.0) Gecko/20100101 Firefox/32.0'),
(113, 5, '127.0.0.1', 'Mozilla/5.0 (Windows NT 6.1; WOW64; rv:32.0) Gecko/20100101 Firefox/32.0'),
(114, 5, '127.0.0.1', 'Mozilla/5.0 (Windows NT 6.1; WOW64; rv:32.0) Gecko/20100101 Firefox/32.0'),
(115, 5, '127.0.0.1', 'Mozilla/5.0 (Windows NT 6.1; WOW64; rv:32.0) Gecko/20100101 Firefox/32.0'),
(116, 5, '127.0.0.1', 'Mozilla/5.0 (Windows NT 6.1; WOW64; rv:32.0) Gecko/20100101 Firefox/32.0'),
(117, 5, '127.0.0.1', 'Mozilla/5.0 (Windows NT 6.1; WOW64; rv:32.0) Gecko/20100101 Firefox/32.0'),
(118, 5, '127.0.0.1', 'Mozilla/5.0 (Windows NT 6.1; WOW64; rv:32.0) Gecko/20100101 Firefox/32.0'),
(119, 5, '127.0.0.1', 'Mozilla/5.0 (Windows NT 6.1; WOW64; rv:32.0) Gecko/20100101 Firefox/32.0'),
(120, 5, '127.0.0.1', 'Mozilla/5.0 (Windows NT 6.1; WOW64; rv:32.0) Gecko/20100101 Firefox/32.0'),
(121, 5, '127.0.0.1', 'Mozilla/5.0 (Windows NT 6.1; WOW64; rv:32.0) Gecko/20100101 Firefox/32.0'),
(122, 5, '127.0.0.1', 'Mozilla/5.0 (Windows NT 6.1; WOW64; rv:32.0) Gecko/20100101 Firefox/32.0'),
(123, 5, '127.0.0.1', 'Mozilla/5.0 (Windows NT 6.1; WOW64; rv:32.0) Gecko/20100101 Firefox/32.0'),
(124, 5, '127.0.0.1', 'Mozilla/5.0 (Windows NT 6.1; WOW64; rv:32.0) Gecko/20100101 Firefox/32.0'),
(125, 5, '127.0.0.1', 'Mozilla/5.0 (Windows NT 6.1; WOW64; rv:32.0) Gecko/20100101 Firefox/32.0'),
(126, 5, '127.0.0.1', 'Mozilla/5.0 (Windows NT 6.1; WOW64; rv:32.0) Gecko/20100101 Firefox/32.0'),
(127, 5, '127.0.0.1', 'Mozilla/5.0 (Windows NT 6.1; WOW64; rv:32.0) Gecko/20100101 Firefox/32.0'),
(128, 5, '127.0.0.1', 'Mozilla/5.0 (Windows NT 6.1; WOW64; rv:32.0) Gecko/20100101 Firefox/32.0'),
(129, 5, '127.0.0.1', 'Mozilla/5.0 (Windows NT 6.1; WOW64; rv:32.0) Gecko/20100101 Firefox/32.0'),
(130, 5, '127.0.0.1', 'Mozilla/5.0 (Windows NT 6.1; WOW64; rv:32.0) Gecko/20100101 Firefox/32.0'),
(131, 5, '127.0.0.1', 'Mozilla/5.0 (Windows NT 6.1; WOW64; rv:32.0) Gecko/20100101 Firefox/32.0'),
(132, 5, '127.0.0.1', 'Mozilla/5.0 (Windows NT 6.1; WOW64; rv:32.0) Gecko/20100101 Firefox/32.0'),
(133, 5, '127.0.0.1', 'Mozilla/5.0 (Windows NT 6.1; WOW64; rv:32.0) Gecko/20100101 Firefox/32.0'),
(134, 11, '127.0.0.1', 'Mozilla/5.0 (Windows NT 6.1; WOW64; rv:32.0) Gecko/20100101 Firefox/32.0'),
(135, 5, '127.0.0.1', 'Mozilla/5.0 (Windows NT 6.1; WOW64; rv:32.0) Gecko/20100101 Firefox/32.0'),
(136, 14, '127.0.0.1', 'Mozilla/5.0 (Windows NT 6.1; WOW64; rv:32.0) Gecko/20100101 Firefox/32.0'),
(137, 14, '127.0.0.1', 'Mozilla/5.0 (Windows NT 6.1; WOW64; rv:32.0) Gecko/20100101 Firefox/32.0'),
(138, 14, '127.0.0.1', 'Mozilla/5.0 (Windows NT 6.1; WOW64; rv:32.0) Gecko/20100101 Firefox/32.0'),
(139, 5, '127.0.0.1', 'Mozilla/5.0 (Windows NT 6.1; WOW64; rv:32.0) Gecko/20100101 Firefox/32.0'),
(140, 14, '127.0.0.1', 'Mozilla/5.0 (Windows NT 6.1; WOW64; rv:32.0) Gecko/20100101 Firefox/32.0'),
(141, 14, '127.0.0.1', 'Mozilla/5.0 (Windows NT 6.1; WOW64; rv:32.0) Gecko/20100101 Firefox/32.0'),
(142, 14, '127.0.0.1', 'Mozilla/5.0 (Windows NT 6.1; WOW64; rv:32.0) Gecko/20100101 Firefox/32.0'),
(143, 5, '127.0.0.1', 'Mozilla/5.0 (Windows NT 6.1; WOW64; rv:32.0) Gecko/20100101 Firefox/32.0'),
(144, 5, '127.0.0.1', 'Mozilla/5.0 (Windows NT 6.1; WOW64; rv:32.0) Gecko/20100101 Firefox/32.0'),
(145, 14, '127.0.0.1', 'Mozilla/5.0 (Windows NT 6.1; WOW64; rv:32.0) Gecko/20100101 Firefox/32.0'),
(146, 5, '127.0.0.1', 'Mozilla/5.0 (Windows NT 6.1; WOW64; rv:32.0) Gecko/20100101 Firefox/32.0'),
(147, 14, '127.0.0.1', 'Mozilla/5.0 (Windows NT 6.1; WOW64; rv:32.0) Gecko/20100101 Firefox/32.0'),
(148, 5, '127.0.0.1', 'Mozilla/5.0 (Windows NT 6.1; WOW64; rv:32.0) Gecko/20100101 Firefox/32.0'),
(149, 14, '127.0.0.1', 'Mozilla/5.0 (Windows NT 6.1; WOW64; rv:32.0) Gecko/20100101 Firefox/32.0'),
(150, 14, '127.0.0.1', 'Mozilla/5.0 (Windows NT 6.1; WOW64; rv:32.0) Gecko/20100101 Firefox/32.0'),
(151, 5, '127.0.0.1', 'Mozilla/5.0 (Windows NT 6.1; WOW64; rv:32.0) Gecko/20100101 Firefox/32.0'),
(152, 14, '127.0.0.1', 'Mozilla/5.0 (Windows NT 6.1; WOW64; rv:32.0) Gecko/20100101 Firefox/32.0'),
(153, 14, '127.0.0.1', 'Mozilla/5.0 (Windows NT 6.1; WOW64; rv:32.0) Gecko/20100101 Firefox/32.0'),
(154, 5, '127.0.0.1', 'Mozilla/5.0 (Windows NT 6.1; WOW64; rv:32.0) Gecko/20100101 Firefox/32.0'),
(155, 5, '127.0.0.1', 'Mozilla/5.0 (Windows NT 6.1; WOW64; rv:32.0) Gecko/20100101 Firefox/32.0'),
(156, 14, '127.0.0.1', 'Mozilla/5.0 (Windows NT 6.1; WOW64; rv:32.0) Gecko/20100101 Firefox/32.0'),
(157, 5, '127.0.0.1', 'Mozilla/5.0 (Windows NT 6.1; WOW64; rv:32.0) Gecko/20100101 Firefox/32.0'),
(158, 14, '127.0.0.1', 'Mozilla/5.0 (Windows NT 6.1; WOW64; rv:32.0) Gecko/20100101 Firefox/32.0'),
(159, 5, '127.0.0.1', 'Mozilla/5.0 (Windows NT 6.1; WOW64; rv:32.0) Gecko/20100101 Firefox/32.0'),
(160, 5, '127.0.0.1', 'Mozilla/5.0 (Windows NT 6.1; WOW64; rv:32.0) Gecko/20100101 Firefox/32.0'),
(161, 5, '127.0.0.1', 'Mozilla/5.0 (Windows NT 6.1; WOW64; rv:32.0) Gecko/20100101 Firefox/32.0'),
(162, 15, '127.0.0.1', 'Mozilla/5.0 (Windows NT 6.1; WOW64; rv:32.0) Gecko/20100101 Firefox/32.0'),
(163, 5, '127.0.0.1', 'Mozilla/5.0 (Windows NT 6.1; WOW64; rv:32.0) Gecko/20100101 Firefox/32.0'),
(164, 5, '127.0.0.1', 'Mozilla/5.0 (Windows NT 6.1; WOW64; rv:32.0) Gecko/20100101 Firefox/32.0'),
(165, 15, '127.0.0.1', 'Mozilla/5.0 (Windows NT 6.1; WOW64; rv:32.0) Gecko/20100101 Firefox/32.0'),
(166, 14, '127.0.0.1', 'Mozilla/5.0 (Windows NT 6.1; WOW64; rv:32.0) Gecko/20100101 Firefox/32.0'),
(167, 5, '127.0.0.1', 'Mozilla/5.0 (Windows NT 6.1; WOW64; rv:32.0) Gecko/20100101 Firefox/32.0'),
(168, 5, '127.0.0.1', 'Mozilla/5.0 (Windows NT 6.1; WOW64; rv:32.0) Gecko/20100101 Firefox/32.0'),
(169, 5, '127.0.0.1', 'Mozilla/5.0 (Windows NT 6.1; WOW64; rv:32.0) Gecko/20100101 Firefox/32.0'),
(170, 5, '127.0.0.1', 'Mozilla/5.0 (Windows NT 6.1; WOW64; rv:32.0) Gecko/20100101 Firefox/32.0'),
(171, 5, '127.0.0.1', 'Mozilla/5.0 (Windows NT 6.1; WOW64; rv:32.0) Gecko/20100101 Firefox/32.0'),
(172, 14, '127.0.0.1', 'Mozilla/5.0 (Windows NT 6.1; WOW64; rv:32.0) Gecko/20100101 Firefox/32.0'),
(173, 15, '127.0.0.1', 'Mozilla/5.0 (Windows NT 6.1; WOW64; rv:32.0) Gecko/20100101 Firefox/32.0'),
(174, 5, '127.0.0.1', 'Mozilla/5.0 (Windows NT 6.1; WOW64; rv:32.0) Gecko/20100101 Firefox/32.0'),
(175, 14, '127.0.0.1', 'Mozilla/5.0 (Windows NT 6.1; WOW64; rv:32.0) Gecko/20100101 Firefox/32.0'),
(176, 5, '127.0.0.1', 'Mozilla/5.0 (Windows NT 6.1; WOW64; rv:32.0) Gecko/20100101 Firefox/32.0'),
(177, 14, '127.0.0.1', 'Mozilla/5.0 (Windows NT 6.1; WOW64; rv:32.0) Gecko/20100101 Firefox/32.0'),
(178, 5, '127.0.0.1', 'Mozilla/5.0 (Windows NT 6.1; WOW64; rv:32.0) Gecko/20100101 Firefox/32.0'),
(179, 5, '127.0.0.1', 'Mozilla/5.0 (Windows NT 6.1; WOW64; rv:32.0) Gecko/20100101 Firefox/32.0'),
(180, 14, '127.0.0.1', 'Mozilla/5.0 (Windows NT 6.1; WOW64; rv:32.0) Gecko/20100101 Firefox/32.0'),
(181, 5, '127.0.0.1', 'Mozilla/5.0 (Windows NT 6.1; WOW64; rv:32.0) Gecko/20100101 Firefox/32.0'),
(182, 5, '127.0.0.1', 'Mozilla/5.0 (Windows NT 6.1; WOW64; rv:32.0) Gecko/20100101 Firefox/32.0'),
(183, 5, '127.0.0.1', 'Mozilla/5.0 (Windows NT 6.1; WOW64; rv:32.0) Gecko/20100101 Firefox/32.0'),
(184, 5, '127.0.0.1', 'Mozilla/5.0 (Windows NT 6.1; WOW64; rv:32.0) Gecko/20100101 Firefox/32.0'),
(185, 5, '127.0.0.1', 'Mozilla/5.0 (Windows NT 6.1; WOW64; rv:32.0) Gecko/20100101 Firefox/32.0'),
(186, 5, '127.0.0.1', 'Mozilla/5.0 (Windows NT 6.1; WOW64; rv:32.0) Gecko/20100101 Firefox/32.0'),
(187, 5, '127.0.0.1', 'Mozilla/5.0 (Windows NT 6.1; WOW64; rv:32.0) Gecko/20100101 Firefox/32.0'),
(188, 5, '127.0.0.1', 'Mozilla/5.0 (Windows NT 6.1; WOW64; rv:32.0) Gecko/20100101 Firefox/32.0'),
(189, 5, '127.0.0.1', 'Mozilla/5.0 (Windows NT 6.1; WOW64; rv:32.0) Gecko/20100101 Firefox/32.0'),
(190, 5, '127.0.0.1', 'Mozilla/5.0 (Windows NT 6.1; WOW64; rv:32.0) Gecko/20100101 Firefox/32.0'),
(191, 14, '127.0.0.1', 'Mozilla/5.0 (Windows NT 6.1; WOW64; rv:32.0) Gecko/20100101 Firefox/32.0'),
(192, 15, '127.0.0.1', 'Mozilla/5.0 (Windows NT 6.1; WOW64; rv:32.0) Gecko/20100101 Firefox/32.0'),
(193, 5, '127.0.0.1', 'Mozilla/5.0 (Windows NT 6.1; WOW64; rv:32.0) Gecko/20100101 Firefox/32.0'),
(194, 5, '127.0.0.1', 'Mozilla/5.0 (Windows NT 6.1; WOW64; rv:32.0) Gecko/20100101 Firefox/32.0'),
(195, 5, '127.0.0.1', 'Mozilla/5.0 (Windows NT 6.1; WOW64; rv:32.0) Gecko/20100101 Firefox/32.0'),
(196, 5, '127.0.0.1', 'Mozilla/5.0 (Windows NT 6.1; WOW64; rv:32.0) Gecko/20100101 Firefox/32.0'),
(197, 14, '127.0.0.1', 'Mozilla/5.0 (Windows NT 6.1; WOW64; rv:32.0) Gecko/20100101 Firefox/32.0'),
(198, 14, '127.0.0.1', 'Mozilla/5.0 (Windows NT 6.1; WOW64; rv:32.0) Gecko/20100101 Firefox/32.0'),
(199, 14, '127.0.0.1', 'Mozilla/5.0 (Windows NT 6.1; WOW64; rv:32.0) Gecko/20100101 Firefox/32.0'),
(200, 14, '127.0.0.1', 'Mozilla/5.0 (Windows NT 6.1; WOW64; rv:32.0) Gecko/20100101 Firefox/32.0'),
(201, 14, '127.0.0.1', 'Mozilla/5.0 (Windows NT 6.1; WOW64; rv:32.0) Gecko/20100101 Firefox/32.0'),
(202, 5, '127.0.0.1', 'Mozilla/5.0 (Windows NT 6.1; WOW64; rv:32.0) Gecko/20100101 Firefox/32.0'),
(203, 5, '127.0.0.1', 'Mozilla/5.0 (Windows NT 6.1; WOW64; rv:32.0) Gecko/20100101 Firefox/32.0'),
(204, 5, '127.0.0.1', 'Mozilla/5.0 (Windows NT 6.1; WOW64; rv:32.0) Gecko/20100101 Firefox/32.0'),
(205, 14, '127.0.0.1', 'Mozilla/5.0 (Windows NT 6.1; WOW64; rv:32.0) Gecko/20100101 Firefox/32.0'),
(206, 14, '127.0.0.1', 'Mozilla/5.0 (Windows NT 6.1; WOW64; rv:32.0) Gecko/20100101 Firefox/32.0'),
(207, 5, '127.0.0.1', 'Mozilla/5.0 (Windows NT 6.1; WOW64; rv:32.0) Gecko/20100101 Firefox/32.0'),
(208, 14, '127.0.0.1', 'Mozilla/5.0 (Windows NT 6.1; WOW64; rv:32.0) Gecko/20100101 Firefox/32.0'),
(209, 14, '127.0.0.1', 'Mozilla/5.0 (Windows NT 6.1; WOW64; rv:32.0) Gecko/20100101 Firefox/32.0'),
(210, 5, '127.0.0.1', 'Mozilla/5.0 (Windows NT 6.1; WOW64; rv:32.0) Gecko/20100101 Firefox/32.0'),
(211, 14, '127.0.0.1', 'Mozilla/5.0 (Windows NT 6.1; WOW64; rv:32.0) Gecko/20100101 Firefox/32.0'),
(212, 5, '127.0.0.1', 'Mozilla/5.0 (Windows NT 6.1; WOW64; rv:32.0) Gecko/20100101 Firefox/32.0'),
(213, 14, '127.0.0.1', 'Mozilla/5.0 (Windows NT 6.1; WOW64; rv:32.0) Gecko/20100101 Firefox/32.0'),
(214, 5, '127.0.0.1', 'Mozilla/5.0 (Windows NT 6.1; WOW64; rv:32.0) Gecko/20100101 Firefox/32.0'),
(215, 5, '127.0.0.1', 'Mozilla/5.0 (Windows NT 6.1; WOW64; rv:32.0) Gecko/20100101 Firefox/32.0'),
(216, 14, '127.0.0.1', 'Mozilla/5.0 (Windows NT 6.1; WOW64; rv:32.0) Gecko/20100101 Firefox/32.0'),
(217, 5, '127.0.0.1', 'Mozilla/5.0 (Windows NT 6.1; WOW64; rv:32.0) Gecko/20100101 Firefox/32.0'),
(218, 14, '127.0.0.1', 'Mozilla/5.0 (Windows NT 6.1; WOW64; rv:32.0) Gecko/20100101 Firefox/32.0'),
(219, 5, '127.0.0.1', 'Mozilla/5.0 (Windows NT 6.1; WOW64; rv:32.0) Gecko/20100101 Firefox/32.0'),
(220, 5, '127.0.0.1', 'Mozilla/5.0 (Windows NT 6.1; WOW64; rv:32.0) Gecko/20100101 Firefox/32.0'),
(221, 14, '127.0.0.1', 'Mozilla/5.0 (Windows NT 6.1; WOW64; rv:32.0) Gecko/20100101 Firefox/32.0'),
(222, 5, '127.0.0.1', 'Mozilla/5.0 (Windows NT 6.1; WOW64; rv:32.0) Gecko/20100101 Firefox/32.0'),
(223, 14, '127.0.0.1', 'Mozilla/5.0 (Windows NT 6.1; WOW64; rv:32.0) Gecko/20100101 Firefox/32.0'),
(224, 5, '127.0.0.1', 'Mozilla/5.0 (Windows NT 6.1; WOW64; rv:32.0) Gecko/20100101 Firefox/32.0'),
(225, 5, '127.0.0.1', 'Mozilla/5.0 (Windows NT 6.1; WOW64; rv:32.0) Gecko/20100101 Firefox/32.0'),
(226, 14, '127.0.0.1', 'Mozilla/5.0 (Windows NT 6.1; WOW64; rv:32.0) Gecko/20100101 Firefox/32.0'),
(227, 5, '127.0.0.1', 'Mozilla/5.0 (Windows NT 6.1; WOW64; rv:32.0) Gecko/20100101 Firefox/32.0'),
(228, 5, '127.0.0.1', 'Mozilla/5.0 (Windows NT 6.1; WOW64; rv:32.0) Gecko/20100101 Firefox/32.0'),
(229, 14, '127.0.0.1', 'Mozilla/5.0 (Windows NT 6.1; WOW64; rv:32.0) Gecko/20100101 Firefox/32.0'),
(230, 5, '127.0.0.1', 'Mozilla/5.0 (Windows NT 6.1; WOW64; rv:32.0) Gecko/20100101 Firefox/32.0'),
(231, 14, '127.0.0.1', 'Mozilla/5.0 (Windows NT 6.1; WOW64; rv:32.0) Gecko/20100101 Firefox/32.0'),
(232, 15, '127.0.0.1', 'Mozilla/5.0 (Windows NT 6.1; WOW64; rv:32.0) Gecko/20100101 Firefox/32.0'),
(233, 5, '127.0.0.1', 'Mozilla/5.0 (Windows NT 6.1; WOW64; rv:32.0) Gecko/20100101 Firefox/32.0'),
(234, 5, '127.0.0.1', 'Mozilla/5.0 (Windows NT 6.1; WOW64; rv:32.0) Gecko/20100101 Firefox/32.0'),
(235, 14, '127.0.0.1', 'Mozilla/5.0 (Windows NT 6.1; WOW64; rv:32.0) Gecko/20100101 Firefox/32.0'),
(236, 15, '127.0.0.1', 'Mozilla/5.0 (Windows NT 6.1; WOW64; rv:32.0) Gecko/20100101 Firefox/32.0'),
(237, 5, '127.0.0.1', 'Mozilla/5.0 (Windows NT 6.1; WOW64; rv:32.0) Gecko/20100101 Firefox/32.0'),
(238, 5, '127.0.0.1', 'Mozilla/5.0 (Windows NT 6.1; WOW64; rv:32.0) Gecko/20100101 Firefox/32.0'),
(239, 15, '127.0.0.1', 'Mozilla/5.0 (Windows NT 6.1; WOW64; rv:32.0) Gecko/20100101 Firefox/32.0'),
(240, 5, '127.0.0.1', 'Mozilla/5.0 (Windows NT 6.1; WOW64; rv:32.0) Gecko/20100101 Firefox/32.0'),
(241, 5, '127.0.0.1', 'Mozilla/5.0 (Windows NT 6.1; WOW64; rv:32.0) Gecko/20100101 Firefox/32.0'),
(242, 5, '127.0.0.1', 'Mozilla/5.0 (Windows NT 6.1; WOW64; rv:32.0) Gecko/20100101 Firefox/32.0'),
(243, 15, '127.0.0.1', 'Mozilla/5.0 (Windows NT 6.1; WOW64; rv:32.0) Gecko/20100101 Firefox/32.0'),
(244, 5, '127.0.0.1', 'Mozilla/5.0 (Windows NT 6.1; WOW64; rv:32.0) Gecko/20100101 Firefox/32.0'),
(245, 14, '127.0.0.1', 'Mozilla/5.0 (Windows NT 6.1; WOW64; rv:32.0) Gecko/20100101 Firefox/32.0'),
(246, 5, '127.0.0.1', 'Mozilla/5.0 (Windows NT 6.1; WOW64; rv:32.0) Gecko/20100101 Firefox/32.0'),
(247, 15, '127.0.0.1', 'Mozilla/5.0 (Windows NT 6.1; WOW64; rv:32.0) Gecko/20100101 Firefox/32.0'),
(248, 5, '127.0.0.1', 'Mozilla/5.0 (Windows NT 6.1; WOW64; rv:32.0) Gecko/20100101 Firefox/32.0'),
(249, 5, '127.0.0.1', 'Mozilla/5.0 (Windows NT 6.1; WOW64; rv:32.0) Gecko/20100101 Firefox/32.0'),
(250, 15, '127.0.0.1', 'Mozilla/5.0 (Windows NT 6.1; WOW64; rv:32.0) Gecko/20100101 Firefox/32.0'),
(251, 14, '127.0.0.1', 'Mozilla/5.0 (Windows NT 6.1; WOW64; rv:32.0) Gecko/20100101 Firefox/32.0'),
(252, 5, '127.0.0.1', 'Mozilla/5.0 (Windows NT 6.1; WOW64; rv:32.0) Gecko/20100101 Firefox/32.0'),
(253, 14, '127.0.0.1', 'Mozilla/5.0 (Windows NT 6.1; WOW64; rv:32.0) Gecko/20100101 Firefox/32.0'),
(254, 15, '127.0.0.1', 'Mozilla/5.0 (Windows NT 6.1; WOW64; rv:32.0) Gecko/20100101 Firefox/32.0'),
(255, 14, '127.0.0.1', 'Mozilla/5.0 (Windows NT 6.1; WOW64; rv:32.0) Gecko/20100101 Firefox/32.0'),
(256, 5, '127.0.0.1', 'Mozilla/5.0 (Windows NT 6.1; WOW64; rv:32.0) Gecko/20100101 Firefox/32.0'),
(257, 14, '127.0.0.1', 'Mozilla/5.0 (Windows NT 6.1; WOW64; rv:32.0) Gecko/20100101 Firefox/32.0'),
(258, 5, '127.0.0.1', 'Mozilla/5.0 (Windows NT 6.1; WOW64; rv:32.0) Gecko/20100101 Firefox/32.0'),
(259, 16, '127.0.0.1', 'Mozilla/5.0 (Windows NT 6.1; WOW64; rv:32.0) Gecko/20100101 Firefox/32.0'),
(260, 5, '127.0.0.1', 'Mozilla/5.0 (Windows NT 6.1; WOW64; rv:32.0) Gecko/20100101 Firefox/32.0'),
(261, 14, '127.0.0.1', 'Mozilla/5.0 (Windows NT 6.1; WOW64; rv:32.0) Gecko/20100101 Firefox/32.0'),
(262, 14, '127.0.0.1', 'Mozilla/5.0 (Windows NT 6.1; WOW64; rv:32.0) Gecko/20100101 Firefox/32.0'),
(263, 16, '127.0.0.1', 'Mozilla/5.0 (Windows NT 6.1; WOW64; rv:32.0) Gecko/20100101 Firefox/32.0'),
(264, 16, '127.0.0.1', 'Mozilla/5.0 (Windows NT 6.1; WOW64; rv:32.0) Gecko/20100101 Firefox/32.0'),
(265, 5, '127.0.0.1', 'Mozilla/5.0 (Windows NT 6.1; WOW64; rv:32.0) Gecko/20100101 Firefox/32.0'),
(266, 5, '127.0.0.1', 'Mozilla/5.0 (Windows NT 6.1; WOW64; rv:32.0) Gecko/20100101 Firefox/32.0'),
(267, 14, '127.0.0.1', 'Mozilla/5.0 (Windows NT 6.1; WOW64; rv:32.0) Gecko/20100101 Firefox/32.0'),
(268, 16, '127.0.0.1', 'Mozilla/5.0 (Windows NT 6.1; WOW64; rv:32.0) Gecko/20100101 Firefox/32.0'),
(269, 14, '127.0.0.1', 'Mozilla/5.0 (Windows NT 6.1; WOW64; rv:32.0) Gecko/20100101 Firefox/32.0'),
(270, 15, '127.0.0.1', 'Mozilla/5.0 (Windows NT 6.1; WOW64; rv:32.0) Gecko/20100101 Firefox/32.0'),
(271, 14, '127.0.0.1', 'Mozilla/5.0 (Windows NT 6.1; WOW64; rv:32.0) Gecko/20100101 Firefox/32.0'),
(272, 15, '127.0.0.1', 'Mozilla/5.0 (Windows NT 6.1; WOW64; rv:32.0) Gecko/20100101 Firefox/32.0'),
(273, 14, '127.0.0.1', 'Mozilla/5.0 (Windows NT 6.1; WOW64; rv:32.0) Gecko/20100101 Firefox/32.0'),
(274, 14, '127.0.0.1', 'Mozilla/5.0 (Windows NT 6.1; WOW64; rv:32.0) Gecko/20100101 Firefox/32.0'),
(275, 14, '127.0.0.1', 'Mozilla/5.0 (Windows NT 6.1; WOW64; rv:32.0) Gecko/20100101 Firefox/32.0'),
(276, 15, '127.0.0.1', 'Mozilla/5.0 (Windows NT 6.1; WOW64; rv:32.0) Gecko/20100101 Firefox/32.0'),
(277, 5, '127.0.0.1', 'Mozilla/5.0 (Windows NT 6.1; WOW64; rv:32.0) Gecko/20100101 Firefox/32.0'),
(278, 14, '127.0.0.1', 'Mozilla/5.0 (Windows NT 6.1; WOW64; rv:32.0) Gecko/20100101 Firefox/32.0'),
(279, 15, '127.0.0.1', 'Mozilla/5.0 (Windows NT 6.1; WOW64; rv:32.0) Gecko/20100101 Firefox/32.0'),
(280, 5, '127.0.0.1', 'Mozilla/5.0 (Windows NT 6.1; WOW64; rv:32.0) Gecko/20100101 Firefox/32.0'),
(281, 14, '127.0.0.1', 'Mozilla/5.0 (Windows NT 6.1; WOW64; rv:32.0) Gecko/20100101 Firefox/32.0'),
(282, 15, '127.0.0.1', 'Mozilla/5.0 (Windows NT 6.1; WOW64; rv:32.0) Gecko/20100101 Firefox/32.0'),
(283, 14, '127.0.0.1', 'Mozilla/5.0 (Windows NT 6.1; WOW64; rv:32.0) Gecko/20100101 Firefox/32.0'),
(284, 5, '127.0.0.1', 'Mozilla/5.0 (Windows NT 6.1; WOW64; rv:32.0) Gecko/20100101 Firefox/32.0'),
(285, 14, '127.0.0.1', 'Mozilla/5.0 (Windows NT 6.1; WOW64; rv:32.0) Gecko/20100101 Firefox/32.0'),
(286, 15, '127.0.0.1', 'Mozilla/5.0 (Windows NT 6.1; WOW64; rv:32.0) Gecko/20100101 Firefox/32.0'),
(287, 14, '127.0.0.1', 'Mozilla/5.0 (Windows NT 6.1; WOW64; rv:32.0) Gecko/20100101 Firefox/32.0'),
(288, 15, '127.0.0.1', 'Mozilla/5.0 (Windows NT 6.1; WOW64; rv:32.0) Gecko/20100101 Firefox/32.0'),
(289, 14, '127.0.0.1', 'Mozilla/5.0 (Windows NT 6.1; WOW64; rv:32.0) Gecko/20100101 Firefox/32.0'),
(290, 15, '127.0.0.1', 'Mozilla/5.0 (Windows NT 6.1; WOW64; rv:32.0) Gecko/20100101 Firefox/32.0'),
(291, 14, '127.0.0.1', 'Mozilla/5.0 (Windows NT 6.1; WOW64; rv:32.0) Gecko/20100101 Firefox/32.0'),
(292, 15, '127.0.0.1', 'Mozilla/5.0 (Windows NT 6.1; WOW64; rv:32.0) Gecko/20100101 Firefox/32.0'),
(293, 5, '127.0.0.1', 'Mozilla/5.0 (Windows NT 6.1; WOW64; rv:32.0) Gecko/20100101 Firefox/32.0'),
(294, 14, '127.0.0.1', 'Mozilla/5.0 (Windows NT 6.1; WOW64; rv:32.0) Gecko/20100101 Firefox/32.0'),
(295, 5, '127.0.0.1', 'Mozilla/5.0 (Windows NT 6.1; WOW64; rv:32.0) Gecko/20100101 Firefox/32.0'),
(296, 14, '127.0.0.1', 'Mozilla/5.0 (Windows NT 6.1; WOW64; rv:32.0) Gecko/20100101 Firefox/32.0'),
(297, 5, '127.0.0.1', 'Mozilla/5.0 (Windows NT 6.1; WOW64; rv:32.0) Gecko/20100101 Firefox/32.0'),
(298, 14, '127.0.0.1', 'Mozilla/5.0 (Windows NT 6.1; WOW64; rv:32.0) Gecko/20100101 Firefox/32.0'),
(299, 5, '127.0.0.1', 'Mozilla/5.0 (Windows NT 6.1; WOW64; rv:32.0) Gecko/20100101 Firefox/32.0'),
(300, 14, '127.0.0.1', 'Mozilla/5.0 (Windows NT 6.1; WOW64; rv:32.0) Gecko/20100101 Firefox/32.0'),
(301, 15, '127.0.0.1', 'Mozilla/5.0 (Windows NT 6.1; WOW64; rv:32.0) Gecko/20100101 Firefox/32.0'),
(302, 14, '127.0.0.1', 'Mozilla/5.0 (Windows NT 6.1; WOW64; rv:32.0) Gecko/20100101 Firefox/32.0'),
(303, 15, '127.0.0.1', 'Mozilla/5.0 (Windows NT 6.1; WOW64; rv:32.0) Gecko/20100101 Firefox/32.0'),
(304, 15, '127.0.0.1', 'Mozilla/5.0 (Windows NT 6.1; WOW64; rv:32.0) Gecko/20100101 Firefox/32.0'),
(305, 14, '127.0.0.1', 'Mozilla/5.0 (Windows NT 6.1; WOW64; rv:32.0) Gecko/20100101 Firefox/32.0'),
(306, 15, '127.0.0.1', 'Mozilla/5.0 (Windows NT 6.1; WOW64; rv:32.0) Gecko/20100101 Firefox/32.0'),
(307, 14, '127.0.0.1', 'Mozilla/5.0 (Windows NT 6.1; WOW64; rv:32.0) Gecko/20100101 Firefox/32.0'),
(308, 15, '127.0.0.1', 'Mozilla/5.0 (Windows NT 6.1; WOW64; rv:32.0) Gecko/20100101 Firefox/32.0'),
(309, 14, '127.0.0.1', 'Mozilla/5.0 (Windows NT 6.1; WOW64; rv:32.0) Gecko/20100101 Firefox/32.0'),
(310, 15, '127.0.0.1', 'Mozilla/5.0 (Windows NT 6.1; WOW64; rv:32.0) Gecko/20100101 Firefox/32.0'),
(311, 5, '127.0.0.1', 'Mozilla/5.0 (Windows NT 6.1; WOW64; rv:32.0) Gecko/20100101 Firefox/32.0'),
(312, 14, '127.0.0.1', 'Mozilla/5.0 (Windows NT 6.1; WOW64; rv:32.0) Gecko/20100101 Firefox/32.0'),
(313, 15, '127.0.0.1', 'Mozilla/5.0 (Windows NT 6.1; WOW64; rv:32.0) Gecko/20100101 Firefox/32.0'),
(314, 5, '127.0.0.1', 'Mozilla/5.0 (Windows NT 6.1; WOW64; rv:32.0) Gecko/20100101 Firefox/32.0'),
(315, 5, '127.0.0.1', 'Mozilla/5.0 (Windows NT 6.1; WOW64; rv:33.0) Gecko/20100101 Firefox/33.0'),
(316, 14, '127.0.0.1', 'Mozilla/5.0 (Windows NT 6.1; WOW64; rv:33.0) Gecko/20100101 Firefox/33.0'),
(317, 15, '127.0.0.1', 'Mozilla/5.0 (Windows NT 6.1; WOW64; rv:33.0) Gecko/20100101 Firefox/33.0'),
(318, 5, '127.0.0.1', 'Mozilla/5.0 (Windows NT 6.1; WOW64; rv:33.0) Gecko/20100101 Firefox/33.0'),
(319, 15, '127.0.0.1', 'Mozilla/5.0 (Windows NT 6.1; WOW64; rv:33.0) Gecko/20100101 Firefox/33.0'),
(320, 15, '127.0.0.1', 'Mozilla/5.0 (Windows NT 6.1; WOW64; rv:33.0) Gecko/20100101 Firefox/33.0'),
(321, 5, '127.0.0.1', 'Mozilla/5.0 (Windows NT 6.1; WOW64; rv:33.0) Gecko/20100101 Firefox/33.0'),
(322, 5, '127.0.0.1', 'Mozilla/5.0 (Windows NT 6.1; WOW64; rv:33.0) Gecko/20100101 Firefox/33.0'),
(323, 14, '127.0.0.1', 'Mozilla/5.0 (Windows NT 6.1; WOW64; rv:33.0) Gecko/20100101 Firefox/33.0'),
(324, 5, '127.0.0.1', 'Mozilla/5.0 (Windows NT 6.1; WOW64; rv:33.0) Gecko/20100101 Firefox/33.0'),
(325, 18, '127.0.0.1', 'Mozilla/5.0 (Windows NT 6.1; WOW64; rv:33.0) Gecko/20100101 Firefox/33.0'),
(326, 18, '127.0.0.1', 'Mozilla/5.0 (Windows NT 6.1; WOW64; rv:33.0) Gecko/20100101 Firefox/33.0'),
(327, 18, '127.0.0.1', 'Mozilla/5.0 (Windows NT 6.1; WOW64; rv:33.0) Gecko/20100101 Firefox/33.0'),
(328, 18, '127.0.0.1', 'Mozilla/5.0 (Windows NT 6.1; WOW64; rv:33.0) Gecko/20100101 Firefox/33.0'),
(329, 18, '127.0.0.1', 'Mozilla/5.0 (Windows NT 6.1; WOW64; rv:33.0) Gecko/20100101 Firefox/33.0'),
(330, 18, '127.0.0.1', 'Mozilla/5.0 (Windows NT 6.1; WOW64; rv:33.0) Gecko/20100101 Firefox/33.0'),
(331, 18, '127.0.0.1', 'Mozilla/5.0 (Windows NT 6.1; WOW64; rv:33.0) Gecko/20100101 Firefox/33.0'),
(332, 18, '127.0.0.1', 'Mozilla/5.0 (Windows NT 6.1; WOW64; rv:33.0) Gecko/20100101 Firefox/33.0'),
(333, 5, '127.0.0.1', 'Mozilla/5.0 (Windows NT 6.1; WOW64; rv:33.0) Gecko/20100101 Firefox/33.0'),
(334, 5, '127.0.0.1', 'Mozilla/5.0 (Windows NT 6.1; WOW64; rv:33.0) Gecko/20100101 Firefox/33.0'),
(335, 5, '127.0.0.1', 'Mozilla/5.0 (Windows NT 6.1; WOW64; rv:33.0) Gecko/20100101 Firefox/33.0'),
(336, 15, '127.0.0.1', 'Mozilla/5.0 (Windows NT 6.1; WOW64; rv:33.0) Gecko/20100101 Firefox/33.0'),
(337, 5, '127.0.0.1', 'Mozilla/5.0 (Windows NT 6.1; WOW64; rv:33.0) Gecko/20100101 Firefox/33.0'),
(338, 5, '127.0.0.1', 'Mozilla/5.0 (Windows NT 6.1; WOW64; rv:33.0) Gecko/20100101 Firefox/33.0'),
(339, 18, '127.0.0.1', 'Mozilla/5.0 (Windows NT 6.1; WOW64; rv:33.0) Gecko/20100101 Firefox/33.0'),
(340, 18, '127.0.0.1', 'Mozilla/5.0 (Windows NT 6.1; WOW64; rv:33.0) Gecko/20100101 Firefox/33.0'),
(341, 5, '127.0.0.1', 'Mozilla/5.0 (Windows NT 6.1; WOW64; rv:33.0) Gecko/20100101 Firefox/33.0'),
(342, 14, '127.0.0.1', 'Mozilla/5.0 (Windows NT 6.1; WOW64; rv:33.0) Gecko/20100101 Firefox/33.0'),
(343, 18, '127.0.0.1', 'Mozilla/5.0 (Windows NT 6.1; WOW64; rv:33.0) Gecko/20100101 Firefox/33.0'),
(344, 5, '127.0.0.1', 'Mozilla/5.0 (Windows NT 6.1; WOW64; rv:33.0) Gecko/20100101 Firefox/33.0'),
(345, 18, '127.0.0.1', 'Mozilla/5.0 (Windows NT 6.1; WOW64; rv:33.0) Gecko/20100101 Firefox/33.0'),
(346, 5, '127.0.0.1', 'Mozilla/5.0 (Windows NT 6.1; WOW64; rv:33.0) Gecko/20100101 Firefox/33.0'),
(347, 5, '127.0.0.1', 'Mozilla/5.0 (Windows NT 6.1; WOW64; rv:33.0) Gecko/20100101 Firefox/33.0'),
(348, 18, '127.0.0.1', 'Mozilla/5.0 (Windows NT 6.1; WOW64; rv:33.0) Gecko/20100101 Firefox/33.0'),
(349, 14, '127.0.0.1', 'Mozilla/5.0 (Windows NT 6.1; WOW64; rv:33.0) Gecko/20100101 Firefox/33.0'),
(350, 15, '127.0.0.1', 'Mozilla/5.0 (Windows NT 6.1; WOW64; rv:33.0) Gecko/20100101 Firefox/33.0'),
(351, 5, '127.0.0.1', 'Mozilla/5.0 (Windows NT 6.1; WOW64; rv:33.0) Gecko/20100101 Firefox/33.0'),
(352, 5, '127.0.0.1', 'Mozilla/5.0 (Windows NT 6.1; WOW64; rv:33.0) Gecko/20100101 Firefox/33.0'),
(353, 16, '127.0.0.1', 'Mozilla/5.0 (Windows NT 6.1; WOW64; rv:33.0) Gecko/20100101 Firefox/33.0'),
(354, 16, '127.0.0.1', 'Mozilla/5.0 (Windows NT 6.1; WOW64; rv:33.0) Gecko/20100101 Firefox/33.0'),
(355, 14, '127.0.0.1', 'Mozilla/5.0 (Windows NT 6.1; WOW64; rv:33.0) Gecko/20100101 Firefox/33.0'),
(356, 5, '127.0.0.1', 'Mozilla/5.0 (Windows NT 6.1; WOW64; rv:33.0) Gecko/20100101 Firefox/33.0'),
(357, 15, '127.0.0.1', 'Mozilla/5.0 (Windows NT 6.1; WOW64; rv:33.0) Gecko/20100101 Firefox/33.0'),
(358, 14, '127.0.0.1', 'Mozilla/5.0 (Windows NT 6.1; WOW64; rv:33.0) Gecko/20100101 Firefox/33.0'),
(359, 5, '127.0.0.1', 'Mozilla/5.0 (Windows NT 6.1; WOW64; rv:33.0) Gecko/20100101 Firefox/33.0'),
(360, 14, '127.0.0.1', 'Mozilla/5.0 (Windows NT 6.1; WOW64; rv:33.0) Gecko/20100101 Firefox/33.0'),
(361, 16, '127.0.0.1', 'Mozilla/5.0 (Windows NT 6.1; WOW64; rv:33.0) Gecko/20100101 Firefox/33.0'),
(362, 5, '127.0.0.1', 'Mozilla/5.0 (Windows NT 6.1; WOW64; rv:33.0) Gecko/20100101 Firefox/33.0'),
(363, 5, '127.0.0.1', 'Mozilla/5.0 (Windows NT 6.1; WOW64; rv:33.0) Gecko/20100101 Firefox/33.0'),
(364, 5, '127.0.0.1', 'Mozilla/5.0 (Windows NT 6.1; WOW64; rv:33.0) Gecko/20100101 Firefox/33.0'),
(365, 5, '127.0.0.1', 'Mozilla/5.0 (Windows NT 6.1; WOW64; rv:33.0) Gecko/20100101 Firefox/33.0'),
(366, 14, '127.0.0.1', 'Mozilla/5.0 (Windows NT 6.1; WOW64; rv:33.0) Gecko/20100101 Firefox/33.0'),
(367, 14, '127.0.0.1', 'Mozilla/5.0 (Windows NT 6.1; WOW64; rv:33.0) Gecko/20100101 Firefox/33.0'),
(368, 15, '127.0.0.1', 'Mozilla/5.0 (Windows NT 6.1; WOW64; rv:33.0) Gecko/20100101 Firefox/33.0'),
(369, 16, '127.0.0.1', 'Mozilla/5.0 (Windows NT 6.1; WOW64; rv:33.0) Gecko/20100101 Firefox/33.0'),
(370, 15, '127.0.0.1', 'Mozilla/5.0 (Windows NT 6.1; WOW64; rv:33.0) Gecko/20100101 Firefox/33.0'),
(371, 16, '127.0.0.1', 'Mozilla/5.0 (Windows NT 6.1; WOW64; rv:33.0) Gecko/20100101 Firefox/33.0'),
(372, 15, '127.0.0.1', 'Mozilla/5.0 (Windows NT 6.1; WOW64; rv:33.0) Gecko/20100101 Firefox/33.0'),
(373, 5, '127.0.0.1', 'Mozilla/5.0 (Windows NT 6.1; WOW64; rv:33.0) Gecko/20100101 Firefox/33.0'),
(374, 5, '127.0.0.1', 'Mozilla/5.0 (Windows NT 6.1; WOW64; rv:33.0) Gecko/20100101 Firefox/33.0'),
(375, 18, '127.0.0.1', 'Mozilla/5.0 (Windows NT 6.1; WOW64; rv:33.0) Gecko/20100101 Firefox/33.0'),
(376, 5, '127.0.0.1', 'Mozilla/5.0 (Windows NT 6.1; WOW64; rv:33.0) Gecko/20100101 Firefox/33.0'),
(377, 14, '127.0.0.1', 'Mozilla/5.0 (Windows NT 6.1; WOW64; rv:33.0) Gecko/20100101 Firefox/33.0'),
(378, 15, '127.0.0.1', 'Mozilla/5.0 (Windows NT 6.1; WOW64; rv:33.0) Gecko/20100101 Firefox/33.0'),
(379, 14, '127.0.0.1', 'Mozilla/5.0 (Windows NT 6.1; WOW64; rv:33.0) Gecko/20100101 Firefox/33.0'),
(380, 15, '127.0.0.1', 'Mozilla/5.0 (Windows NT 6.1; WOW64; rv:33.0) Gecko/20100101 Firefox/33.0'),
(381, 14, '127.0.0.1', 'Mozilla/5.0 (Windows NT 6.1; WOW64; rv:33.0) Gecko/20100101 Firefox/33.0'),
(382, 18, '127.0.0.1', 'Mozilla/5.0 (Windows NT 6.1; WOW64; rv:33.0) Gecko/20100101 Firefox/33.0'),
(383, 14, '127.0.0.1', 'Mozilla/5.0 (Windows NT 6.1; WOW64; rv:33.0) Gecko/20100101 Firefox/33.0'),
(384, 15, '127.0.0.1', 'Mozilla/5.0 (Windows NT 6.1; WOW64; rv:33.0) Gecko/20100101 Firefox/33.0'),
(385, 5, '127.0.0.1', 'Mozilla/5.0 (Windows NT 6.1; WOW64; rv:33.0) Gecko/20100101 Firefox/33.0'),
(386, 14, '127.0.0.1', 'Mozilla/5.0 (Windows NT 6.1; WOW64; rv:33.0) Gecko/20100101 Firefox/33.0'),
(387, 5, '127.0.0.1', 'Mozilla/5.0 (Windows NT 6.1; WOW64; rv:33.0) Gecko/20100101 Firefox/33.0'),
(388, 5, '127.0.0.1', 'Mozilla/5.0 (Windows NT 6.1; WOW64; rv:33.0) Gecko/20100101 Firefox/33.0'),
(389, 18, '127.0.0.1', 'Mozilla/5.0 (Windows NT 6.1; WOW64; rv:33.0) Gecko/20100101 Firefox/33.0'),
(390, 5, '127.0.0.1', 'Mozilla/5.0 (Windows NT 6.1; WOW64; rv:33.0) Gecko/20100101 Firefox/33.0'),
(391, 19, '127.0.0.1', 'Mozilla/5.0 (Windows NT 6.1; WOW64; rv:33.0) Gecko/20100101 Firefox/33.0'),
(392, 5, '127.0.0.1', 'Mozilla/5.0 (Windows NT 6.1; WOW64; rv:33.0) Gecko/20100101 Firefox/33.0'),
(393, 5, '127.0.0.1', 'Mozilla/5.0 (Windows NT 6.1; WOW64; rv:33.0) Gecko/20100101 Firefox/33.0'),
(394, 14, '127.0.0.1', 'Mozilla/5.0 (Windows NT 6.1; WOW64; rv:33.0) Gecko/20100101 Firefox/33.0'),
(395, 14, '127.0.0.1', 'Mozilla/5.0 (Windows NT 6.1; WOW64; rv:33.0) Gecko/20100101 Firefox/33.0'),
(396, 16, '127.0.0.1', 'Mozilla/5.0 (Windows NT 6.1; WOW64; rv:33.0) Gecko/20100101 Firefox/33.0'),
(397, 18, '127.0.0.1', 'Mozilla/5.0 (Windows NT 6.1; WOW64; rv:33.0) Gecko/20100101 Firefox/33.0'),
(398, 5, '127.0.0.1', 'Mozilla/5.0 (Windows NT 6.1; WOW64; rv:33.0) Gecko/20100101 Firefox/33.0'),
(399, 15, '127.0.0.1', 'Mozilla/5.0 (Windows NT 6.1; WOW64; rv:33.0) Gecko/20100101 Firefox/33.0'),
(400, 5, '127.0.0.1', 'Mozilla/5.0 (Windows NT 6.1; WOW64; rv:33.0) Gecko/20100101 Firefox/33.0'),
(401, 15, '127.0.0.1', 'Mozilla/5.0 (Windows NT 6.1; WOW64; rv:33.0) Gecko/20100101 Firefox/33.0'),
(402, 18, '127.0.0.1', 'Mozilla/5.0 (Windows NT 6.1; WOW64; rv:33.0) Gecko/20100101 Firefox/33.0'),
(403, 19, '127.0.0.1', 'Mozilla/5.0 (Windows NT 6.1; WOW64; rv:33.0) Gecko/20100101 Firefox/33.0'),
(404, 15, '127.0.0.1', 'Mozilla/5.0 (Windows NT 6.1; WOW64; rv:33.0) Gecko/20100101 Firefox/33.0'),
(405, 18, '127.0.0.1', 'Mozilla/5.0 (Windows NT 6.1; WOW64; rv:33.0) Gecko/20100101 Firefox/33.0'),
(406, 5, '127.0.0.1', 'Mozilla/5.0 (Windows NT 6.1; WOW64; rv:33.0) Gecko/20100101 Firefox/33.0'),
(407, 15, '127.0.0.1', 'Mozilla/5.0 (Windows NT 6.1; WOW64; rv:33.0) Gecko/20100101 Firefox/33.0'),
(408, 14, '127.0.0.1', 'Mozilla/5.0 (Windows NT 6.1; WOW64; rv:33.0) Gecko/20100101 Firefox/33.0'),
(409, 5, '127.0.0.1', 'Mozilla/5.0 (Windows NT 6.1; WOW64; rv:33.0) Gecko/20100101 Firefox/33.0'),
(410, 19, '127.0.0.1', 'Mozilla/5.0 (Windows NT 6.1; WOW64; rv:33.0) Gecko/20100101 Firefox/33.0'),
(411, 18, '127.0.0.1', 'Mozilla/5.0 (Windows NT 6.1; WOW64; rv:33.0) Gecko/20100101 Firefox/33.0'),
(412, 5, '127.0.0.1', 'Mozilla/5.0 (Windows NT 6.1; WOW64; rv:33.0) Gecko/20100101 Firefox/33.0'),
(413, 16, '127.0.0.1', 'Mozilla/5.0 (Windows NT 6.1; WOW64; rv:33.0) Gecko/20100101 Firefox/33.0'),
(414, 5, '127.0.0.1', 'Mozilla/5.0 (Windows NT 6.1; WOW64; rv:33.0) Gecko/20100101 Firefox/33.0'),
(415, 18, '127.0.0.1', 'Mozilla/5.0 (Windows NT 6.1; WOW64; rv:33.0) Gecko/20100101 Firefox/33.0'),
(416, 15, '127.0.0.1', 'Mozilla/5.0 (Windows NT 6.1; WOW64; rv:33.0) Gecko/20100101 Firefox/33.0'),
(417, 18, '127.0.0.1', 'Mozilla/5.0 (Windows NT 6.1; WOW64; rv:33.0) Gecko/20100101 Firefox/33.0'),
(418, 14, '127.0.0.1', 'Mozilla/5.0 (Windows NT 6.1; WOW64; rv:33.0) Gecko/20100101 Firefox/33.0'),
(419, 15, '127.0.0.1', 'Mozilla/5.0 (Windows NT 6.1; WOW64; rv:33.0) Gecko/20100101 Firefox/33.0'),
(420, 5, '127.0.0.1', 'Mozilla/5.0 (Windows NT 6.1; WOW64; rv:33.0) Gecko/20100101 Firefox/33.0'),
(421, 5, '127.0.0.1', 'Mozilla/5.0 (Windows NT 6.1; WOW64; rv:33.0) Gecko/20100101 Firefox/33.0'),
(422, 5, '127.0.0.1', 'Mozilla/5.0 (Windows NT 6.1; WOW64; rv:33.0) Gecko/20100101 Firefox/33.0'),
(423, 5, '127.0.0.1', 'Mozilla/5.0 (Windows NT 6.1; WOW64; rv:33.0) Gecko/20100101 Firefox/33.0'),
(424, 18, '127.0.0.1', 'Mozilla/5.0 (Windows NT 6.1; WOW64; rv:33.0) Gecko/20100101 Firefox/33.0'),
(425, 5, '127.0.0.1', 'Mozilla/5.0 (Windows NT 6.1; WOW64; rv:33.0) Gecko/20100101 Firefox/33.0'),
(426, 5, '127.0.0.1', 'Mozilla/5.0 (Windows NT 6.1; WOW64; rv:33.0) Gecko/20100101 Firefox/33.0'),
(427, 5, '127.0.0.1', 'Mozilla/5.0 (Windows NT 6.1; WOW64; rv:33.0) Gecko/20100101 Firefox/33.0'),
(428, 5, '127.0.0.1', 'Mozilla/5.0 (Windows NT 6.1; WOW64; rv:33.0) Gecko/20100101 Firefox/33.0'),
(429, 5, '127.0.0.1', 'Mozilla/5.0 (Windows NT 6.1; WOW64; rv:33.0) Gecko/20100101 Firefox/33.0'),
(430, 5, '127.0.0.1', 'Mozilla/5.0 (Windows NT 6.1; WOW64; rv:33.0) Gecko/20100101 Firefox/33.0'),
(431, 5, '127.0.0.1', 'Mozilla/5.0 (Windows NT 6.1; WOW64; rv:33.0) Gecko/20100101 Firefox/33.0'),
(432, 5, '127.0.0.1', 'Mozilla/5.0 (Windows NT 6.1; WOW64; rv:33.0) Gecko/20100101 Firefox/33.0'),
(433, 5, '127.0.0.1', 'Mozilla/5.0 (Windows NT 6.1; WOW64; rv:33.0) Gecko/20100101 Firefox/33.0'),
(434, 5, '127.0.0.1', 'Mozilla/5.0 (Windows NT 6.1; WOW64; rv:33.0) Gecko/20100101 Firefox/33.0'),
(435, 5, '127.0.0.1', 'Mozilla/5.0 (Windows NT 6.1; WOW64; rv:33.0) Gecko/20100101 Firefox/33.0'),
(436, 5, '127.0.0.1', 'Mozilla/5.0 (Windows NT 6.1; WOW64; rv:33.0) Gecko/20100101 Firefox/33.0'),
(437, 14, '127.0.0.1', 'Mozilla/5.0 (Windows NT 6.1; WOW64; rv:33.0) Gecko/20100101 Firefox/33.0'),
(438, 14, '127.0.0.1', 'Mozilla/5.0 (Windows NT 6.1; WOW64; rv:33.0) Gecko/20100101 Firefox/33.0'),
(439, 5, '127.0.0.1', 'Mozilla/5.0 (Windows NT 6.1; WOW64; rv:33.0) Gecko/20100101 Firefox/33.0'),
(440, 5, '127.0.0.1', 'Mozilla/5.0 (Windows NT 6.1; WOW64; rv:33.0) Gecko/20100101 Firefox/33.0'),
(441, 14, '127.0.0.1', 'Mozilla/5.0 (Windows NT 6.1; WOW64; rv:33.0) Gecko/20100101 Firefox/33.0'),
(442, 5, '127.0.0.1', 'Mozilla/5.0 (Windows NT 6.1; WOW64; rv:33.0) Gecko/20100101 Firefox/33.0'),
(443, 14, '127.0.0.1', 'Mozilla/5.0 (Windows NT 6.1; WOW64; rv:33.0) Gecko/20100101 Firefox/33.0'),
(444, 5, '127.0.0.1', 'Mozilla/5.0 (Windows NT 6.1; WOW64; rv:33.0) Gecko/20100101 Firefox/33.0'),
(445, 5, '127.0.0.1', 'Mozilla/5.0 (Windows NT 6.1; WOW64; rv:33.0) Gecko/20100101 Firefox/33.0'),
(446, 14, '127.0.0.1', 'Mozilla/5.0 (Windows NT 6.1; WOW64; rv:33.0) Gecko/20100101 Firefox/33.0'),
(447, 5, '127.0.0.1', 'Mozilla/5.0 (Windows NT 6.1; WOW64; rv:33.0) Gecko/20100101 Firefox/33.0'),
(448, 5, '127.0.0.1', 'Mozilla/5.0 (Windows NT 6.1; WOW64; rv:33.0) Gecko/20100101 Firefox/33.0'),
(449, 18, '127.0.0.1', 'Mozilla/5.0 (Windows NT 6.1; WOW64; rv:33.0) Gecko/20100101 Firefox/33.0'),
(450, 19, '127.0.0.1', 'Mozilla/5.0 (Windows NT 6.1; WOW64; rv:33.0) Gecko/20100101 Firefox/33.0'),
(451, 5, '127.0.0.1', 'Mozilla/5.0 (Windows NT 6.1; WOW64; rv:33.0) Gecko/20100101 Firefox/33.0'),
(452, 18, '127.0.0.1', 'Mozilla/5.0 (Windows NT 6.1; WOW64; rv:33.0) Gecko/20100101 Firefox/33.0'),
(453, 19, '127.0.0.1', 'Mozilla/5.0 (Windows NT 6.1; WOW64; rv:33.0) Gecko/20100101 Firefox/33.0'),
(454, 14, '127.0.0.1', 'Mozilla/5.0 (Windows NT 6.1; WOW64; rv:33.0) Gecko/20100101 Firefox/33.0'),
(455, 5, '127.0.0.1', 'Mozilla/5.0 (Windows NT 6.1; WOW64; rv:33.0) Gecko/20100101 Firefox/33.0'),
(456, 15, '127.0.0.1', 'Mozilla/5.0 (Windows NT 6.1; WOW64; rv:33.0) Gecko/20100101 Firefox/33.0'),
(457, 5, '127.0.0.1', 'Mozilla/5.0 (Windows NT 6.1; WOW64; rv:33.0) Gecko/20100101 Firefox/33.0'),
(458, 5, '127.0.0.1', 'Mozilla/5.0 (Windows NT 6.1; WOW64; rv:33.0) Gecko/20100101 Firefox/33.0'),
(459, 15, '127.0.0.1', 'Mozilla/5.0 (Windows NT 6.1; WOW64; rv:33.0) Gecko/20100101 Firefox/33.0'),
(460, 15, '127.0.0.1', 'Mozilla/5.0 (Windows NT 6.1; WOW64; rv:33.0) Gecko/20100101 Firefox/33.0'),
(461, 5, '127.0.0.1', 'Mozilla/5.0 (Windows NT 6.1; WOW64; rv:33.0) Gecko/20100101 Firefox/33.0'),
(462, 21, '127.0.0.1', 'Mozilla/5.0 (Windows NT 6.1; WOW64; rv:33.0) Gecko/20100101 Firefox/33.0'),
(463, 5, '127.0.0.1', 'Mozilla/5.0 (Windows NT 6.1; WOW64; rv:33.0) Gecko/20100101 Firefox/33.0'),
(464, 21, '127.0.0.1', 'Mozilla/5.0 (Windows NT 6.1; WOW64; rv:33.0) Gecko/20100101 Firefox/33.0'),
(465, 21, '127.0.0.1', 'Mozilla/5.0 (Windows NT 6.1; WOW64; rv:33.0) Gecko/20100101 Firefox/33.0'),
(466, 15, '127.0.0.1', 'Mozilla/5.0 (Windows NT 6.1; WOW64; rv:33.0) Gecko/20100101 Firefox/33.0'),
(467, 21, '127.0.0.1', 'Mozilla/5.0 (Windows NT 6.1; WOW64; rv:33.0) Gecko/20100101 Firefox/33.0'),
(468, 5, '127.0.0.1', 'Mozilla/5.0 (Windows NT 6.1; WOW64; rv:33.0) Gecko/20100101 Firefox/33.0'),
(469, 21, '127.0.0.1', 'Mozilla/5.0 (Windows NT 6.1; WOW64; rv:33.0) Gecko/20100101 Firefox/33.0'),
(470, 5, '127.0.0.1', 'Mozilla/5.0 (Windows NT 6.1; WOW64; rv:33.0) Gecko/20100101 Firefox/33.0'),
(471, 5, '127.0.0.1', 'Mozilla/5.0 (Windows NT 6.1; WOW64; rv:33.0) Gecko/20100101 Firefox/33.0'),
(472, 5, '127.0.0.1', 'Mozilla/5.0 (Windows NT 6.1; WOW64; rv:33.0) Gecko/20100101 Firefox/33.0'),
(473, 14, '127.0.0.1', 'Mozilla/5.0 (Windows NT 6.1; WOW64; rv:33.0) Gecko/20100101 Firefox/33.0'),
(474, 5, '127.0.0.1', 'Mozilla/5.0 (Windows NT 6.1; WOW64; rv:33.0) Gecko/20100101 Firefox/33.0'),
(475, 14, '127.0.0.1', 'Mozilla/5.0 (Windows NT 6.1; WOW64; rv:33.0) Gecko/20100101 Firefox/33.0'),
(476, 21, '127.0.0.1', 'Mozilla/5.0 (Windows NT 6.1; WOW64; rv:33.0) Gecko/20100101 Firefox/33.0'),
(477, 5, '127.0.0.1', 'Mozilla/5.0 (Windows NT 6.1; WOW64; rv:33.0) Gecko/20100101 Firefox/33.0'),
(478, 14, '127.0.0.1', 'Mozilla/5.0 (Windows NT 6.1; WOW64; rv:33.0) Gecko/20100101 Firefox/33.0'),
(479, 14, '127.0.0.1', 'Mozilla/5.0 (Windows NT 6.1; WOW64; rv:33.0) Gecko/20100101 Firefox/33.0'),
(480, 21, '127.0.0.1', 'Mozilla/5.0 (Windows NT 6.1; WOW64; rv:33.0) Gecko/20100101 Firefox/33.0'),
(481, 15, '127.0.0.1', 'Mozilla/5.0 (Windows NT 6.1; WOW64; rv:33.0) Gecko/20100101 Firefox/33.0'),
(482, 19, '127.0.0.1', 'Mozilla/5.0 (Windows NT 6.1; WOW64; rv:33.0) Gecko/20100101 Firefox/33.0'),
(483, 18, '127.0.0.1', 'Mozilla/5.0 (Windows NT 6.1; WOW64; rv:33.0) Gecko/20100101 Firefox/33.0'),
(484, 14, '127.0.0.1', 'Mozilla/5.0 (Windows NT 6.1; WOW64; rv:33.0) Gecko/20100101 Firefox/33.0'),
(485, 21, '127.0.0.1', 'Mozilla/5.0 (Windows NT 6.1; WOW64; rv:33.0) Gecko/20100101 Firefox/33.0'),
(486, 14, '127.0.0.1', 'Mozilla/5.0 (Windows NT 6.1; WOW64; rv:33.0) Gecko/20100101 Firefox/33.0'),
(487, 5, '127.0.0.1', 'Mozilla/5.0 (Windows NT 6.1; WOW64; rv:33.0) Gecko/20100101 Firefox/33.0'),
(488, 18, '127.0.0.1', 'Mozilla/5.0 (Windows NT 6.1; WOW64; rv:33.0) Gecko/20100101 Firefox/33.0'),
(489, 18, '127.0.0.1', 'Mozilla/5.0 (Windows NT 6.1; WOW64; rv:33.0) Gecko/20100101 Firefox/33.0'),
(490, 19, '127.0.0.1', 'Mozilla/5.0 (Windows NT 6.1; WOW64; rv:33.0) Gecko/20100101 Firefox/33.0'),
(491, 14, '127.0.0.1', 'Mozilla/5.0 (Windows NT 6.1; WOW64; rv:33.0) Gecko/20100101 Firefox/33.0'),
(492, 5, '127.0.0.1', 'Mozilla/5.0 (Windows NT 6.1; WOW64; rv:33.0) Gecko/20100101 Firefox/33.0'),
(493, 5, '127.0.0.1', 'Mozilla/5.0 (Windows NT 6.1; WOW64; rv:33.0) Gecko/20100101 Firefox/33.0'),
(494, 5, '127.0.0.1', 'Mozilla/5.0 (Windows NT 6.1; WOW64; rv:33.0) Gecko/20100101 Firefox/33.0'),
(495, 5, '127.0.0.1', 'Mozilla/5.0 (Windows NT 6.1; WOW64; rv:33.0) Gecko/20100101 Firefox/33.0'),
(496, 5, '127.0.0.1', 'Mozilla/5.0 (Windows NT 6.1; WOW64; rv:33.0) Gecko/20100101 Firefox/33.0'),
(497, 5, '127.0.0.1', 'Mozilla/5.0 (Windows NT 6.1; WOW64; rv:33.0) Gecko/20100101 Firefox/33.0'),
(498, 5, '127.0.0.1', 'Mozilla/5.0 (Windows NT 6.1; WOW64; rv:33.0) Gecko/20100101 Firefox/33.0'),
(499, 15, '127.0.0.1', 'Mozilla/5.0 (Windows NT 6.1; WOW64; rv:33.0) Gecko/20100101 Firefox/33.0'),
(500, 15, '127.0.0.1', 'Mozilla/5.0 (Windows NT 6.1; WOW64; rv:33.0) Gecko/20100101 Firefox/33.0'),
(501, 5, '127.0.0.1', 'Mozilla/5.0 (Windows NT 6.1; WOW64; rv:33.0) Gecko/20100101 Firefox/33.0'),
(502, 5, '127.0.0.1', 'Mozilla/5.0 (Windows NT 6.1; WOW64; rv:33.0) Gecko/20100101 Firefox/33.0'),
(503, 5, '127.0.0.1', 'Mozilla/5.0 (Windows NT 6.1; WOW64; rv:33.0) Gecko/20100101 Firefox/33.0'),
(504, 5, '127.0.0.1', 'Mozilla/5.0 (Windows NT 6.1; WOW64; rv:33.0) Gecko/20100101 Firefox/33.0'),
(505, 5, '127.0.0.1', 'Mozilla/5.0 (Windows NT 6.1; WOW64; rv:33.0) Gecko/20100101 Firefox/33.0'),
(506, 5, '127.0.0.1', 'Mozilla/5.0 (Windows NT 6.1; WOW64; rv:33.0) Gecko/20100101 Firefox/33.0'),
(507, 21, '127.0.0.1', 'Mozilla/5.0 (Windows NT 6.1; WOW64; rv:33.0) Gecko/20100101 Firefox/33.0'),
(508, 18, '127.0.0.1', 'Mozilla/5.0 (Windows NT 6.1; WOW64; rv:33.0) Gecko/20100101 Firefox/33.0');
INSERT INTO `success_logins` (`id`, `usersId`, `ipAddress`, `userAgent`) VALUES
(509, 5, '127.0.0.1', 'Mozilla/5.0 (Windows NT 6.1; WOW64; rv:34.0) Gecko/20100101 Firefox/34.0'),
(510, 14, '127.0.0.1', 'Mozilla/5.0 (Windows NT 6.1; WOW64; rv:34.0) Gecko/20100101 Firefox/34.0'),
(511, 5, '127.0.0.1', 'Mozilla/5.0 (Windows NT 6.1; WOW64; rv:34.0) Gecko/20100101 Firefox/34.0'),
(512, 5, '127.0.0.1', 'Mozilla/5.0 (Windows NT 6.1; WOW64; rv:34.0) Gecko/20100101 Firefox/34.0'),
(513, 5, '127.0.0.1', 'Mozilla/5.0 (Windows NT 6.1; WOW64; rv:34.0) Gecko/20100101 Firefox/34.0'),
(514, 5, '127.0.0.1', 'Mozilla/5.0 (Windows NT 6.1; WOW64; rv:34.0) Gecko/20100101 Firefox/34.0'),
(515, 5, '127.0.0.1', 'Mozilla/5.0 (Windows NT 6.1; WOW64; rv:34.0) Gecko/20100101 Firefox/34.0'),
(516, 5, '127.0.0.1', 'Mozilla/5.0 (Windows NT 6.1; WOW64; rv:34.0) Gecko/20100101 Firefox/34.0'),
(517, 5, '127.0.0.1', 'Mozilla/5.0 (Windows NT 6.1; WOW64; rv:35.0) Gecko/20100101 Firefox/35.0'),
(518, 5, '127.0.0.1', 'Mozilla/5.0 (Windows NT 6.1; WOW64; rv:35.0) Gecko/20100101 Firefox/35.0'),
(519, 5, '127.0.0.1', 'Mozilla/5.0 (Windows NT 6.1; WOW64; rv:37.0) Gecko/20100101 Firefox/37.0'),
(520, 14, '127.0.0.1', 'Mozilla/5.0 (Windows NT 6.1; WOW64; rv:37.0) Gecko/20100101 Firefox/37.0');

-- --------------------------------------------------------

--
-- Table structure for table `units`
--

CREATE TABLE IF NOT EXISTS `units` (
`id` int(15) NOT NULL,
  `title` varchar(250) DEFAULT NULL,
  `description` varchar(250) DEFAULT NULL,
  `active` tinyint(1) DEFAULT NULL
) ENGINE=InnoDB AUTO_INCREMENT=10 DEFAULT CHARSET=utf8;

--
-- Dumping data for table `units`
--

INSERT INTO `units` (`id`, `title`, `description`, `active`) VALUES
(1, 'টি', 'সংখ্যা', 1),
(2, 'মেঃ টন', 'ওজন', 1),
(3, 'জন', 'মানুষের সংখ্যা', 1),
(4, 'টাকা', 'টাকা', 1),
(5, 'কিঃমিঃ', 'দুরত্ব - কিলোমিটার', 1),
(6, 'মিটার', 'মিটার', 1),
(7, 'হেক্টর', 'হেক্টর', 1),
(8, 'একর', 'একর', 1),
(9, 'মেগাওয়াট', 'মেগাওয়াট', 1);

-- --------------------------------------------------------

--
-- Table structure for table `users`
--

CREATE TABLE IF NOT EXISTS `users` (
`id` int(10) unsigned NOT NULL,
  `name` varchar(255) NOT NULL,
  `email` varchar(255) NOT NULL,
  `password` char(60) NOT NULL,
  `mustChangePassword` char(1) DEFAULT NULL,
  `profilesId` int(10) unsigned NOT NULL,
  `banned` char(1) NOT NULL,
  `suspended` char(1) NOT NULL,
  `electionarea` int(11) DEFAULT NULL,
  `district` int(11) DEFAULT NULL,
  `division` int(11) DEFAULT NULL,
  `active` char(1) DEFAULT NULL
) ENGINE=InnoDB AUTO_INCREMENT=22 DEFAULT CHARSET=utf8;

--
-- Dumping data for table `users`
--

INSERT INTO `users` (`id`, `name`, `email`, `password`, `mustChangePassword`, `profilesId`, `banned`, `suspended`, `electionarea`, `district`, `division`, `active`) VALUES
(5, 'হাফিজুর রহমান', 'hafijurcse@gmail.com', '$2a$08$iXz8OSwnsMeEeKQp29UGB.aR1ah7ODduSiyr04mnLKRTEqOEMLmGe', 'N', 1, 'N', 'N', NULL, NULL, NULL, 'Y'),
(14, 'মোঃ শাহাবুদ্দিন খান', 'dcjamalpur@mopa.gov.bd', '$2a$08$iXz8OSwnsMeEeKQp29UGB.aR1ah7ODduSiyr04mnLKRTEqOEMLmGe', 'Y', 4, 'N', 'N', NULL, 39, NULL, 'Y'),
(15, 'Admin', 'hafijur.bangladesh@gmail.com', '$2a$08$iXz8OSwnsMeEeKQp29UGB.aR1ah7ODduSiyr04mnLKRTEqOEMLmGe', 'Y', 2, 'N', 'N', NULL, 0, 0, 'Y'),
(16, 'মোহাম্মদ সালাহ উদ্দিন', 'dcpanchagarh@mopa.gov.bd', '$2a$08$iXz8OSwnsMeEeKQp29UGB.aR1ah7ODduSiyr04mnLKRTEqOEMLmGe', 'Y', 4, 'N', 'N', NULL, 77, NULL, 'Y'),
(17, 'মো: তোফাজ্জল হোসেন মিয়া', 'dcdhaka@mopa.gov.bd', '$2a$08$qxZhWtDaLgvr4mptHDXJ8ehULBL80HG17o83YScXUFjR5HizcjMyG', 'Y', 4, 'N', 'N', NULL, 26, NULL, 'N'),
(18, 'মোঃ জিল্লার রহমান', 'divcomdhaka@mopa.gov.bd', '$2a$08$iXz8OSwnsMeEeKQp29UGB.aR1ah7ODduSiyr04mnLKRTEqOEMLmGe', 'Y', 5, 'N', 'N', NULL, 26, 30, 'Y'),
(19, 'হেলালুদ্দীন আহমদ', 'divcomrajshahi@mopa.gov.bd', '$2a$08$iXz8OSwnsMeEeKQp29UGB.aR1ah7ODduSiyr04mnLKRTEqOEMLmGe', 'Y', 5, 'N', 'N', NULL, 0, 50, 'Y'),
(20, 'karim', 'karim.09.bd@gmail.com', '$2a$08$nTHzouQfFGbFTuKNV19AEuiJSDK/3tW7Ztb9RlfVgojRms4/g0b2K', 'Y', 1, 'N', 'N', NULL, 0, 0, 'N'),
(21, 'রেজাউল করিম হিরা', 'hira@gmail.com', '$2a$08$iXz8OSwnsMeEeKQp29UGB.aR1ah7ODduSiyr04mnLKRTEqOEMLmGe', 'Y', 6, 'N', 'N', 139, 0, 0, 'Y');

-- --------------------------------------------------------

--
-- Table structure for table `zilla`
--

CREATE TABLE IF NOT EXISTS `zilla` (
  `zillaid` int(11) NOT NULL,
  `divid` int(11) DEFAULT NULL,
  `zillaname` varchar(255) DEFAULT NULL,
  `zillanameeng` varchar(255) DEFAULT NULL
) ENGINE=MyISAM DEFAULT CHARSET=utf8;

--
-- Dumping data for table `zilla`
--

INSERT INTO `zilla` (`zillaid`, `divid`, `zillaname`, `zillanameeng`) VALUES
(1, 40, 'বাগেরহাট', 'BAGERHAT'),
(3, 20, 'বান্দরবান', 'BANDARBAN'),
(4, 10, 'বরগুনা', 'BARGUNA'),
(6, 10, 'বরিশাল', 'BARISAL'),
(9, 10, 'ভোলা', 'BHOLA'),
(10, 50, 'বগুড়া', 'BOGRA'),
(12, 20, 'ব্রাক্ষ্মণবাড়িয়া', 'BRAHMANBARIA'),
(13, 20, 'চাঁদপুর', 'CHANDPUR'),
(15, 20, 'চট্টগ্রাম', 'CHITTAGONG'),
(18, 40, 'চুয়াডাঙ্গা', 'CHUADANGA'),
(19, 20, 'কুমিল্লা', 'COMILLA'),
(22, 20, 'কক্সবাজার', 'COX''S BAZAR'),
(26, 30, 'ঢাকা', 'DHAKA'),
(27, 55, 'দিনাজপুর', 'DINAJPUR'),
(29, 30, 'ফরিদপুর', 'FARIDPUR'),
(30, 20, 'ফেনী', 'FENI'),
(32, 55, 'গাইবান্ধা', 'GAIBANDHA'),
(33, 30, 'গাজীপুর', 'GAZIPUR'),
(35, 30, 'গোপালগঞ্জ', 'GOPALGANJ'),
(36, 60, 'হবিগঞ্জ', 'HABIGANJ'),
(38, 50, 'জয়পুরহাট', 'JOYPURHAT'),
(39, 30, 'জামালপুর', 'JAMALPUR'),
(41, 40, 'যশোর', 'JESSORE'),
(42, 10, 'ঝালকাঠী', 'JHALOKATI'),
(44, 40, 'ঝিনাইদহ', 'JHENAIDAH'),
(46, 20, 'খাগড়াছড়ি', 'KHAGRACHHARI'),
(47, 40, 'খুলনা', 'KHULNA'),
(48, 30, 'কিশোরগঞ্জ', 'KISHOREGONJ'),
(49, 55, 'কুড়িগ্রাম', 'KURIGRAM'),
(50, 40, 'কুষ্টিয়া', 'KUSHTIA'),
(51, 20, 'লক্ষ্মীপুর', 'LAKSHMIPUR'),
(52, 55, 'লালমনিরহাট', 'LALMONIRHAT'),
(54, 30, 'মাদারীপুর', 'MADARIPUR'),
(55, 40, 'মাগুরা', 'MAGURA'),
(56, 30, 'মানিকগঞ্জ', 'MANIKGANJ'),
(57, 40, 'মেহেরপুর', 'MEHERPUR'),
(58, 60, 'মৌলভীবাজার', 'MAULVIBAZAR'),
(59, 30, 'মুন্সীগঞ্জ', 'MUNSHIGANJ'),
(61, 30, 'ময়মনসিংহ', 'MYMENSINGH'),
(64, 50, 'নওগাঁ', 'NAOGAON'),
(65, 40, 'নড়াইল', 'NARAIL'),
(67, 30, 'নারায়নগঞ্জ', 'NARAYANGANJ'),
(68, 30, 'নরসিংদী', 'NARSINGDI'),
(69, 50, 'নাটোর', 'NATORE'),
(70, 50, 'চাঁপাই নবাবগঞ্জ', 'CHAPAI NABABGANJ'),
(72, 30, 'নেত্রকোণা', 'NETRAKONA'),
(73, 55, 'নীলফামারী', 'NILPHAMARI ZILA'),
(75, 20, 'নোয়াখালী', 'NOAKHALI'),
(76, 50, 'পাবনা', 'PABNA'),
(77, 55, 'পঞ্চগড়', 'PANCHAGARH'),
(78, 10, 'পটুয়াখালী', 'PATUAKHALI'),
(79, 10, 'পিরোজপুর', 'PIROJPUR'),
(81, 50, 'রাজশাহী', 'RAJSHAHI'),
(82, 30, 'রাজবাড়ী', 'RAJBARI'),
(84, 20, 'রাঙ্গামাটি', 'RANGAMATI'),
(85, 55, 'রংপুর', 'RANGPUR'),
(86, 30, 'শরিয়তপুর', 'SHARIATPUR'),
(87, 40, 'সাতক্ষীরা', 'SATKHIRA'),
(88, 50, 'সিরাজগঞ্জ', 'SIRAJGANJ'),
(89, 30, 'শেরপুর', 'SHERPUR'),
(90, 60, 'সুনামগঞ্জ', 'SUNAMGANJ'),
(91, 60, 'সিলেট', 'SYLHET'),
(93, 30, 'টাঙ্গাইল', 'TANGAIL'),
(94, 55, 'ঠাকুরগাঁও', 'THAKURGAON');

--
-- Indexes for dumped tables
--

--
-- Indexes for table `division`
--
ALTER TABLE `division`
 ADD PRIMARY KEY (`divid`);

--
-- Indexes for table `domains`
--
ALTER TABLE `domains`
 ADD PRIMARY KEY (`id`);

--
-- Indexes for table `electionarea`
--
ALTER TABLE `electionarea`
 ADD PRIMARY KEY (`id`), ADD UNIQUE KEY `code` (`code`);

--
-- Indexes for table `email_confirmations`
--
ALTER TABLE `email_confirmations`
 ADD PRIMARY KEY (`id`);

--
-- Indexes for table `failed_logins`
--
ALTER TABLE `failed_logins`
 ADD PRIMARY KEY (`id`), ADD KEY `usersId` (`usersId`);

--
-- Indexes for table `infodetails`
--
ALTER TABLE `infodetails`
 ADD PRIMARY KEY (`id`), ADD KEY `info_id` (`info_id`);

--
-- Indexes for table `informations`
--
ALTER TABLE `informations`
 ADD PRIMARY KEY (`id`), ADD KEY `electionarea` (`electionarea`), ADD KEY `district` (`district`);

--
-- Indexes for table `password_changes`
--
ALTER TABLE `password_changes`
 ADD PRIMARY KEY (`id`), ADD KEY `usersId` (`usersId`);

--
-- Indexes for table `permissions`
--
ALTER TABLE `permissions`
 ADD PRIMARY KEY (`id`), ADD KEY `profilesId` (`profilesId`);

--
-- Indexes for table `profiles`
--
ALTER TABLE `profiles`
 ADD PRIMARY KEY (`id`), ADD KEY `active` (`active`);

--
-- Indexes for table `remember_tokens`
--
ALTER TABLE `remember_tokens`
 ADD PRIMARY KEY (`id`), ADD KEY `token` (`token`);

--
-- Indexes for table `reset_passwords`
--
ALTER TABLE `reset_passwords`
 ADD PRIMARY KEY (`id`), ADD KEY `usersId` (`usersId`);

--
-- Indexes for table `schedules`
--
ALTER TABLE `schedules`
 ADD PRIMARY KEY (`id`);

--
-- Indexes for table `subdomains`
--
ALTER TABLE `subdomains`
 ADD PRIMARY KEY (`id`);

--
-- Indexes for table `success_logins`
--
ALTER TABLE `success_logins`
 ADD PRIMARY KEY (`id`), ADD KEY `usersId` (`usersId`);

--
-- Indexes for table `units`
--
ALTER TABLE `units`
 ADD PRIMARY KEY (`id`);

--
-- Indexes for table `users`
--
ALTER TABLE `users`
 ADD PRIMARY KEY (`id`), ADD KEY `profilesId` (`profilesId`);

--
-- Indexes for table `zilla`
--
ALTER TABLE `zilla`
 ADD PRIMARY KEY (`zillaid`), ADD KEY `divid` (`divid`);

--
-- AUTO_INCREMENT for dumped tables
--

--
-- AUTO_INCREMENT for table `domains`
--
ALTER TABLE `domains`
MODIFY `id` int(11) NOT NULL AUTO_INCREMENT,AUTO_INCREMENT=10;
--
-- AUTO_INCREMENT for table `electionarea`
--
ALTER TABLE `electionarea`
MODIFY `id` int(11) NOT NULL AUTO_INCREMENT,AUTO_INCREMENT=308;
--
-- AUTO_INCREMENT for table `email_confirmations`
--
ALTER TABLE `email_confirmations`
MODIFY `id` int(10) unsigned NOT NULL AUTO_INCREMENT,AUTO_INCREMENT=24;
--
-- AUTO_INCREMENT for table `failed_logins`
--
ALTER TABLE `failed_logins`
MODIFY `id` int(10) unsigned NOT NULL AUTO_INCREMENT,AUTO_INCREMENT=18;
--
-- AUTO_INCREMENT for table `infodetails`
--
ALTER TABLE `infodetails`
MODIFY `id` int(25) NOT NULL AUTO_INCREMENT,AUTO_INCREMENT=1071;
--
-- AUTO_INCREMENT for table `informations`
--
ALTER TABLE `informations`
MODIFY `id` int(25) NOT NULL AUTO_INCREMENT,AUTO_INCREMENT=25;
--
-- AUTO_INCREMENT for table `password_changes`
--
ALTER TABLE `password_changes`
MODIFY `id` int(10) unsigned NOT NULL AUTO_INCREMENT,AUTO_INCREMENT=2;
--
-- AUTO_INCREMENT for table `permissions`
--
ALTER TABLE `permissions`
MODIFY `id` int(10) unsigned NOT NULL AUTO_INCREMENT,AUTO_INCREMENT=1496;
--
-- AUTO_INCREMENT for table `profiles`
--
ALTER TABLE `profiles`
MODIFY `id` int(10) unsigned NOT NULL AUTO_INCREMENT,AUTO_INCREMENT=7;
--
-- AUTO_INCREMENT for table `remember_tokens`
--
ALTER TABLE `remember_tokens`
MODIFY `id` int(10) unsigned NOT NULL AUTO_INCREMENT,AUTO_INCREMENT=4;
--
-- AUTO_INCREMENT for table `reset_passwords`
--
ALTER TABLE `reset_passwords`
MODIFY `id` int(10) unsigned NOT NULL AUTO_INCREMENT,AUTO_INCREMENT=2;
--
-- AUTO_INCREMENT for table `schedules`
--
ALTER TABLE `schedules`
MODIFY `id` int(11) NOT NULL AUTO_INCREMENT,AUTO_INCREMENT=6;
--
-- AUTO_INCREMENT for table `subdomains`
--
ALTER TABLE `subdomains`
MODIFY `id` int(11) NOT NULL AUTO_INCREMENT,AUTO_INCREMENT=49;
--
-- AUTO_INCREMENT for table `success_logins`
--
ALTER TABLE `success_logins`
MODIFY `id` int(10) unsigned NOT NULL AUTO_INCREMENT,AUTO_INCREMENT=521;
--
-- AUTO_INCREMENT for table `units`
--
ALTER TABLE `units`
MODIFY `id` int(15) NOT NULL AUTO_INCREMENT,AUTO_INCREMENT=10;
--
-- AUTO_INCREMENT for table `users`
--
ALTER TABLE `users`
MODIFY `id` int(10) unsigned NOT NULL AUTO_INCREMENT,AUTO_INCREMENT=22;
/*!40101 SET CHARACTER_SET_CLIENT=@OLD_CHARACTER_SET_CLIENT */;
/*!40101 SET CHARACTER_SET_RESULTS=@OLD_CHARACTER_SET_RESULTS */;
/*!40101 SET COLLATION_CONNECTION=@OLD_COLLATION_CONNECTION */;
